the,[ðə],то;определенный артикль
be,[bi],быть;нужно;будь
and,[ənd],и
of,[əv],от;показывает принадлежность
a,[eɪ],а;неопределённый артикль
to,[tə],к;по направлению;указывает на инфинитив глагола
I,[aɪ],я;у меня;мне
have,[həv],иметь;есть;позволять;уговаривать;уже
it,[ˌaɪ ˈtiː],это;именно
in,[ɪn],в;на
he,[hi],он;у него;ему
that,[ðæt],этот;что;чтобы это;который
you,[ju],ты;вы
not,[nɒt],не;нет
his,[hɪz],его
say,[seɪ],говорить;скажем
on,[ɒn],на;включать на;чтобы
with,[wɪð],с;с помощью
as,[əz],как;икак;так как;поскольку;по мере того как;столько;сколько;чем;такой же
for,[fə(r)],для
at,[ət],на;при
but,[bət],но;лишь
do,[də],делать
they,[ðeɪ],они;у них;им
her,[hə(r)],ее;она;у нее;ей
she,[ʃi],она;у нее;ей
my,[maɪ],мой;я
can,[kæn],мочь;можно ли;можно;канистра
will,[wɪl],быть;если;воля(завещание)
him,[hɪm],он
all,[ɔːl],все;весь;полностью
there,[ðeə(r)],там
me,[miː],я
we,[wi],мы
go,[ɡəʊ],ходить;пойти;проходить
from,[frəm],из;от;чтобы
what,[wɒt],что;какой
this,[ðɪs],это;этот
out,[aʊt],из
so,[səʊ],так;таким образом;так что;такой
up,[ʌp],вверх;по
see,[siː],видеть;смотри
one,[wʌn],один
come,[kʌm],приходить;начинать
them,[ðəm],они;он
no,[nəʊ],нет;без;не
by,[baɪ],к;что
know,[nəʊ],знать
if,[ɪf],если;при
look,[lʊk],смотреть;выглядеть;смотреть;взгляд
when,[wen],когда
get,[ɡet],получать;становиться;убеждать;понять;осознать;удивить;изумить
or,[ɔː(r)],или
then,[ðen],затем;тогда
like,[laɪk],любить;хотеть;похожий
now,[naʊ],сейчас;теперь
think,[θɪŋk],думать
which,[wɪtʃ],что
into,[ˈɪntə],на
their,[ðeə(r)],их
about,[əˈbaʊt],около;о;почти;вновь
make,[meɪk],делать
down,[daʊn],вниз;вниз по
time,[taɪm],время
take,[teɪk],брать;требоваться;требовать;передавать;принимать;выбирать
your,[jɔː(r)],ваш
man,[mæn],человек
more,[mɔː(r)],более;больший;дополнительный;больше
who,[huː],кто;который
back,[bæk],назад;возвращать;обратная сторона;спина;обратно;в ответ
mister,[ˈmɪs.tər],господин
some,[səm],около
very,[ˈveri],очень
over,[ˈəʊvə(r)],над;в течение;через;заканчиваться;пере;выше
hand,[hænd],рука
little,[ˈlɪtl],маленький;немного;небольшой
tell,[tel],сказать
us,[əs],нас
may,[meɪ],мочь;возможно;май;можно;нельзя
well,[wel],хорошо;хороший;колодец;геол)скважина
other,[ˈʌðə(r)],другой
before,[bɪˈfɔː(r)],до;прежде;прежде;чем
way,[weɪ],путь;способ
again,[əˈɡen],снова;кроме того
shall,[ʃəl],должен;если;быть
find,[faɪnd],находить;найти;обнаруживать;оказываться;начинать
just,[dʒʌst],только что;только;едва;безошибочный;верный;правильный;точный
eye,[aɪ],глаз
don,[dɒn],дон
than,[ðən],чем
here,[hɪə(r)],здесь;сюда
any,[ˈeni],любой
how,[haʊ],как
where,[weə(r)],где;куда
old,[əʊld],старый
good,[ɡʊd],хорошо;хороший
leave,[liːv],оставлять;оставаться;уходить
give,[ɡɪv],давать
even,[ˈiːvn],даже;ровный;четный
day,[deɪ],день;дневной
away,[əˈweɪ],прочь
through,[θruː],через
off,[ɒf],от;с
too,[tuː],слишком;тоже
great,[ɡreɪt],большой
never,[ˈnevə(r)],никогда
after,[ˈɑːftə(r)],после;впоследствии;после того;как
long,[lɒŋ],длинный;долго (длиной);длинно;длиннее
hear,[hɪə(r)],слышать;получать известие
turn,[tɜːn],поворот;поворачивать;оборот
feel,[fiːl],чувствовать
much,[mʌtʃ],много;значительно;очень;многое
head,[hed],голова;инф)мех)головка;союз)глава;главный
our,[ɑː(r)],наш
seem,[siːm],казаться;кажется
right,[raɪt],право;правый;правильный;вправо
must,[məst],должен;по-видимому;должны
face,[feɪs],лицо;сталкиваться с;лицевой
two,[tuː],два;двух
still,[stɪl],все еще;все же;неподвижный
want,[wɒnt],хотеть
door,[dɔː(r)],дверь;вход
first,[fɜːst],первый;сначала
upon,[əˈpɒn],на;с
last,[lɑːst],последний;последний раз;прошлый
something,[ˈsʌmθɪŋ],что-то;кое-чем
though,[ðəʊ],хотя;все-же
night,[naɪt],ночь;ночной
light,[laɪt],свет;легкий;зажигать;светлый;световой
stand,[stænd],стоять;устанавливать;стенд
open,[ˈəʊpən],открывать;открытый
room,[ruːm],комната;размещать
keep,[kiːp],держать;сохранять;продолжать;встр)проводить
place,[pleɪs],место;устанавливать
ask,[ɑːsk],спрашивать;просить
ever,[ˈevə(r)],когда-либо
around,[əˈraʊnd],вокруг;около;везде
try,[traɪ],пробовать;пытаться;попытка
let,[let],позволять;давайте
sit,[sɪt],сидеть
himself,[hɪmˈself],сам;себя
such,[sʌtʃ],такой
people,[ˈpiːpl],люди
begin,[bɪˈɡɪn],начинать;начало
own,[əʊn],собственный;обладать;принадлежать
house,[haʊs],дом;размещать
nothing,[ˈnʌθɪŋ],ничто
call,[kɔːl],звонить;называть;звать;комм)вызов;вызывать;встр)созывать;призыв;призывать
once,[wʌns],однажды;как только;один раз
thing,[θɪŋ],вещь
put,[pʊt],помещать;устанавливать
voice,[vɔɪs],голос;высказывать;речевой
mr,[ˈmɪstə(r)],г-н;м-р
why,[waɪ],почему
these,[ðiːz],эти;они;этот
mean,[miːn],означать;хотеть;предназначаться;средство;средний
speak,[spiːk],говорить
because,[bɪˈkɒz],потому что;поскольку
another,[əˈnʌðə(r)],другой
many,[ˈmeni],много;многий
those,[ðəʊz],те;тот
while,[waɪl],пока
most,[məʊst],большинство;наиболее;больше всего;самый
real,[rɪəl],реальный
work,[wɜːk],работа;работать;труд;рабочий
under,[ˈʌndə(r)],под;по
world,[wɜːld],мир;мировой
behind,[bɪˈhaɪnd],за;позади
fall,[fɔːl],падать;падение
hold,[həʊld],держать
year,[jɪə(r)],год
word,[wɜːd],слово;известие;текстовый
run,[rʌn],бежать;запускать;работать;достигать;прогон
bond,[bɒnd],связь;подписывать обязательство;обязательство;облигация;закладная
mind,[maɪnd],ум;одуш)возражать;слушаться;обращать внимание;мнение
every,[ˈevri],каждый
without,[wɪˈðaʊt],без;не
dark,[dɑːk],темный
far,[fɑː(r)],далеко;значительно;дальний
new,[njuː],новый;вновь
foot,[fʊt],нога;фут
walk,[wɔːk],идти;проходить
yet,[jet],пока;все еще
end,[end],конец;заканчивать;конечный;авто)торцевой
side,[saɪd],сторона;боковой
moment,[ˈməʊmənt],момент
talk,[tɔːk],говорить;поговорить;уговаривать;разговор
black,[blæk],черный
always,[ˈɔːlweɪz],всегда
pass,[pɑːs],передавать;проходить;проход
friend,[frend],друг;дружественный
close,[kləʊz],закрывать;закрытый;близкий
three,[θriː],три;трех
life,[laɪf],жизнь;срок службы
near,[nɪə(r)],рядом;около;близкий;почти
watch,[wɒtʃ],часы;наблюдать;следить;дозор
oh,[əʊ],ох
miss,[mɪs],мисс
move,[muːv],двигаться;перемещать;перемещение
toward,[təˈwɔːdz],к;по отношению к
course,[kɔːs],курс;ход
better,[ˈbetə(r)],лучше;лучший
enough,[ɪˈnʌf],достаточно;достаточный
stop,[stɒp],остановка;останавливать;переставать;прекращаться;стоповый
bring,[brɪŋ],приносить;переносить;приводить
anything,[ˈeniθɪŋ],что-либо;что-нибудь
cry,[kraɪ],плакать;кричать;крик
name,[neɪm],имя;называть
same,[seɪm],такой же;тот же
point,[pɔɪnt],точка;указывать
hard,[hɑːd],жесткий;трудно;упорно;твердо
quite,[kwaɪt],довольно;совсем
arm,[ɑːm],рука;вооружаться;рычаг
sure,[ʃʊə(r)],конечно;несомненно;уверенный;убедитесь
sir,[sɜː(r)],сэр
half,[hɑːf],половина;наполовину
sound,[saʊnd],звук;звучать;надежный;инф)звуковой
love,[lʌv],любовь;любить
few,[fjuː],мало;несколько;некоторый
air,[eə(r)],воздух;проветривать;эфир;вид;воздушный
dear,[dɪə(r)],дорогой
soon,[suːn],скоро
part,[pɑːt],часть;разделять
help,[help],помощь;помогать;инф)подсказка
against,[əˈɡenst],против
return,[rɪˈtɜːn],возвращать;обратный;возврат
wait,[weɪt],ждать;ожидать;ожидание
wall,[wɔːl],стена
round,[raʊnd],круглый;округлять;круг
answer,[ˈɑːnsə(r)],ответ
woman,[ˈwʊmən],женщина;женский
follow,[ˈfɒləʊ],следовать
high,[haɪ],высокий;высоко;уровень
window,[ˈwɪndəʊ],окно
young,[jʌŋ],молодой
until,[ənˈtɪl],до;пока
show,[ʃəʊ],показывать;показ
father,[ˈfɑːðə(r)],отец;отцовский
sudden,[ˈsʌdn],внезапный
myself,[maɪˈself],сам;сам себя;себя самого;я
happen,[ˈhæpən],случаться
along,[əˈlɒŋ],вдоль
both,[bəʊθ],оба
kind,[kaɪnd],добрый;тип;любезный
lord,[lɔːd],лорд
white,[waɪt],белый
break,[breɪk],перерыв;ломать;инф)прерывать;прерывание
next,[nekst],следующий;затем;другой
child,[tʃaɪld],ребенок
boy,[bɔɪ],мальчик
lie,[laɪ],ложь;лежать;лгать
dead,[ded],мертвый
since,[sɪns],с;поскольку;с тех пор как;с тех пор
certain,[ˈsɜːtn],определенный;уверенный;;несомненно
water,[ˈwɔːtə(r)],вода;поливать;водный
heart,[hɑːt],сердце;основа;сердечный
set,[set],набор;устанавливать;комплект;инф)установка
small,[smɔːl],маленький;небольшой
wish,[wɪʃ],желание;хотеть
star,[stɑː(r)],звезда;звездный
start,[stɑːt],начинать;запускать;начало;стартовый
slow,[sləʊ],медленный;замедлять
home,[həʊm],дом;домашний;домой
hour,[ˈaʊə(r)],час;часовой
girl,[ɡɜːl],девочка;девушка
between,[bɪˈtwiːn],между
remember,[rɪˈmembə(r)],помнить
almost,[ˈɔːlməʊst],почти
become,[bɪˈkʌm],становиться
mother,[ˈmʌðə(r)],мать;материнский
deep,[diːp],глубокий;глубже
tree,[triː],дерево
whole,[həʊl],весь;целый
lady,[ˈleɪdi],леди;дама;дамский
meet,[miːt],встречать;соответствовать;удовлетворять;выполнять
believe,[bɪˈliːv],верить
sleep,[sliːp],спать;сон
smile,[smaɪl],улыбка;улыбаться
wonder,[ˈwʌndə(r)],удивляться;удивление;чудо
table,[ˈteɪbl],стол;инф)таблица;табличный
stone,[stəʊn],камень;облицовывать;каменный
fire,[ˈfaɪə(r)],огонь;сжигать;стрелять;пожар;обстрел;пожарный
street,[striːt],улица;уличный
reach,[riːtʃ],достигать
each,[iːtʃ],каждый
morning,[ˈmɔːnɪŋ],утро;утром
rest,[rest],отдых;ставить;отдыхать;лежать;остальной
grow,[ɡrəʊ],расти;выращивать;расти
quick,[kwɪk],быстрый;быстро
shake,[ʃeɪk],трясти;шейк
hope,[həʊp],надеяться;надежда
across,[əˈkrɒs],через
bear,[beə(r)],медведь;нести;перевозить;выдерживать
land,[lænd],земля;сажать;посадить;приземляться;страна
rise,[raɪz],рост;повышать;подниматься;повышение
clear,[klɪə(r)],очищать;очистка;ясный;ясно
large,[lɑːdʒ],большой
perhaps,[pəˈhæps],возможно
draw,[drɔː],рисовать;делать;граф)рисовать;экон)получать;вытаскивать
book,[bʊk],книга;заказывать;книжный
read,[riːd],читать;чтение
bite,[baɪt],кусать;укус
else,[els],иначе;еще
matter,[ˈmætə(r)],дело;материал
fear,[fɪə(r)],страх;бояться
ground,[ɡraʊnd],земля;заземлять;земля;заземление
minute,[ˈmɪnɪt],минута;подробный;минутный
second,[ˈsekənd],секунда;второй;во-вторых
strange,[streɪndʒ],странный;странно
win,[wɪn],победить;завоевывать;выигрывать;выигрыш
sort,[sɔːt],сортировать;сортировка;тип
together,[təˈɡeðə(r)],вместе
lose,[luːz],терять;проигрывать;потеря
laugh,[lɑːf],смеяться;смех
indeed,[ɪnˈdiːd],действительно;на самом деле
hair,[heə(r)],волосы;волосяной
suppose,[səˈpəʊz],предполагать;полагать;допустим
understand,[ˌʌndəˈstænd],понимать
poor,[pɔː(r)],бедный
lead,[liːd],вести;лидировать;свинец;)лидерство;элек)вывод;ход;свинцовй
send,[send],посылать
master,[ˈmɑːstə(r)],овладевать;мастер;эталон;основной
above,[əˈbʌv],выше;вышеуказанное
catch,[kætʃ],ловить;поймать
body,[ˈbɒdi],воплощать;тело;организация;орган
road,[rəʊd],дорога;дорожный
present,[ˈpreznt],представлять;обеспечивать;присутствовать;настоящее;настоящий;современный
everything,[ˈevriθɪŋ],все;весь
full,[fʊl],полный;полностью
case,[keɪs],дело;случай;ящик;падеж;в таком случае
herself,[hɜːˈself],сама;себя;она
pull,[pʊl],тянуть
best,[best],лучший;наилучшим образом;наилучший
aunt,[ɑːnt],тетя
cold,[kəʊld],холод;холодный
doctor,[ˈdɒktə(r)],врач;доктор
city,[ˈsɪti],город;городской
death,[deθ],смерть;смертельный
dream,[driːm],мечтать;мечта
front,[frʌnt],передний;передний план
rather,[ˈrɑːðə(r)],скорее;довольно;предпочтительно
easy,[ˈiːzi],легкий;легко
finger,[ˈfɪŋɡə(r)],палец;показывать
professor,[prəˈfesə(r)],профессор
would,[wʊd],бы;быть;должен;если бы;хотеть
quiet,[ˈkwaɪət],тихий;успокаивать;тишина
floor,[flɔː(r)],пол;зал;этаж
appear,[əˈpɪə(r)],появляться;появление;оказывается;оказалось
listen,[ˈlɪsn],слушать
forget,[fəˈɡet],забывать
also,[ˈɔːlsəʊ],также
among,[əˈmʌŋ],среди
least,[liːst],наименее;наименьший
question,[ˈkwestʃən],вопрос;спрашивать;вопросный
throw,[θrəʊ],бросать
shadow,[ˈʃædəʊ],тень;теневой
beyond,[bɪˈjɒnd],за
big,[bɪɡ],большой;больше
mountain,[ˈmaʊntən],гора;горный
already,[ɔːlˈredi],уже
beside,[bɪˈsaɪd],рядом;рядом с
power,[ˈpaʊə(r)],мощность;право;перс)полномочие;силовой
mouth,[maʊθ],рот;отверстие;устье
kill,[kɪl],убивать;уничтожать
lot,[lɒt],партия;масса;участок;много
wind,[wɪnd],ветер;заводить;мотать;извиваться;оборот
less,[les],менее;меньший;меньше
whose,[huːz],чей;который
die,[daɪ],умирать
past,[pɑːst],прошлое;прошлый
use,[juːz],использовать;использование
play,[pleɪ],играть;игра;пьеса
alone,[əˈləʊn],только;один
letter,[ˈletə(r)],письмо
write,[raɪt],писать;инф)записывать;запись
interest,[ˈɪntrəst],интерес;интересовать;доля;участие;процент
please,[pliːz],пожалуйста
stay,[steɪ],оставаться;пребывание
however,[haʊˈevə(r)],однако;тем не менее
god,[ɡɒd],бог
form,[fɔːm],форма;формировать
heavy,[ˈhevi],тяжелый
forward,[ˈfɔːwəd],вперед;пересылать;форвард;форвардный;дальше
order,[ˈɔːdə(r)],заказ;приказ
whisper,[ˈwɪspə(r)],шепот;шептать
drink,[drɪŋk],пить;напиток
idea,[aɪˈdɪə],идея
tom,[tɒm],том
family,[ˈfæməli],семья;семейство;семейный
short,[ʃɔːt],короткий;шунтировать;перемычка
sam,[sæm],сэм
live,[lɪv],жить;живой
human,[ˈhjuːmən],человек;человеческий
hide,[haɪd],прятать;шкура
carry,[ˈkæri],нести;отправлять;перенос
trouble,[ˈtrʌbl],беда;беспокоить;проблема
four,[fɔː(r)],четыре;четырех
five,[faɪv],пять;пяти
eat,[iːt],есть
secret,[ˈsiːkrət],секрет;секретный
strong,[strɒŋ],сильный;прочный
till,[tɪl],до
bad,[bæd],плохой;плохо
top,[tɒp],вершина;завершать;верх;верхний
step,[step],шаг;вести;входить;мера
touch,[tʌtʃ],трогать;касаться;прикосновение;налет;сенсорный
shoulder,[ˈʃəʊldə(r)],плечо;взваливать на плечи
thank,[θæŋk],благодарить
glass,[ɡlɑːs],стекло;стакан;стеклянный
low,[ləʊ],низкий;снижать;низкий уровень;низко
notice,[ˈnəʊtɪs],замечать;обращать внимание;докм)уведомление
true,[truː],верно;истиный;истинность
tear,[teə(r)],рвать;слеза
hill,[hɪl],холм
wear,[weə(r)],носить;изнашивать;износ
outside,[ˌaʊtˈsaɪd],снаружи;за пределами;внешний
happy,[ˈhæpi],счастливый
breath,[breθ],дыхание;вздох
wood,[wʊd],древесина;дерево (лес);древесный
drop,[drɒp],бросать;падать;капля;падение
green,[ɡriːn],зеленый
line,[laɪn],линия;инф)строка
later,[ˈleɪtə(r)],позже;последующий
sight,[saɪt],взгляд;зрение
son,[sʌn],сын;порожденный;дочерний
inside,[ˌɪnˈsaɪd],внутри;в;внутрь;внутренность;внутренний
fact,[fækt],факт
expect,[ɪkˈspekt],ожидать
general,[ˈdʒenrəl],генерал;общее;общий
paper,[ˈpeɪpə(r)],бумага;граф)статья;бумажный
hang,[hæŋ],вешать;зависать;зависание
hall,[hɔːl],холл
chair,[tʃeə(r)],стул;кафедра
learn,[lɜːn],учиться;узнавать
someone,[ˈsʌmwʌn],кто-то;кто-нибудь
gold,[ɡəʊld],золото;золотой
possible,[ˈpɒsəbl],возможный;возможно
business,[ˈbɪznəs],бизнес;дело(бизнес);деловой
nor,[nɔː(r)],ни
doubt,[daʊt],сомневаться;сомнение
ear,[ɪə(r)],ухо;слух;колос;слуховой
leg,[leɡ],нога;ветвь
cut,[kʌt],резать;удалять;гранить;снижение;порез;кусок
money,[ˈmʌni],деньги;финансовый
raise,[reɪz],поднимать;возводить
corner,[ˈkɔːnə(r)],угол;поставить в безвыходное положение
hundred,[ˈhʌndrəd],сто;сотня
remain,[rɪˈmeɪn],оставаться
figure,[ˈfɪɡə(r)],фигура;считать;инф)цифра
wide,[waɪd],широкий
sun,[sʌn],солнце;солнечный
late,[leɪt],поздно;последний;конец
silent,[ˈsaɪlənt],тихий;инф)отключенный
ready,[ˈredi],готовый
silence,[ˈsaɪləns],тишина;заглушать
soft,[sɒft],мягкий;мягко
bloom,[bluːm],цветение;расцветать;расцвет
build,[bɪld],строить;инф)формировать
surprise,[səˈpraɪz],удивлять;сюрприз;неожиданный
week,[wiːk],неделя;недельный
earth,[ɜːθ],земля;заземление;земной
sea,[siː],море;морской
shout,[ʃaʊt],кричать;крик
drive,[draɪv],водить;управлять;запускать;загонять;ездить;проехать;проезд;инф)накопитель;энергия
pretty,[ˈprɪti],симпатичный;изрядно;красивый
free,[friː],свободно;бесплатно;освобождать;свободный
river,[ˈrɪvə(r)],река;речной
sky,[skaɪ],небо;небесный
ten,[ten],десять;десяти
often,[ˈɒfn],часто
either,[ˈaɪðə(r)],или;также;любой
sense,[sens],чувствовать;значение;чувство
fight,[faɪt],драться;с;борьба
shut,[ʃʌt],закрывать
guard,[ɡɑːd],сторожить;охранять;охрана
hat,[hæt],шляпа
care,[keə(r)],забота;интересовать
sometime,[ˈsʌm.taɪm],когда-то;где-то
rock,[rɒk],скала;качаться
age,[eɪdʒ],возраст;стареть;век;возрастной
whether,[ˈweðə(r)],ли;независимо
fly,[flaɪ],летать;запускать;поднимать;полет;муха;ширинка
pick,[pɪk],выбирать;указка
reason,[ˈriːzn],причина
brother,[ˈbrʌðə(r)],брат;родственный
gate,[ɡeɪt],ворота;пропускать
probable,[ˈprɒbəbl],вероятный;вероятно
enter,[ˈentə(r)],ввод; вводить;вход; входить
within,[wɪˈðɪn],в пределах;в течение
school,[skuːl],школа;школьный
add,[æd],добавлять;дополнение
none,[nʌn],никто;ничто;никакой
sign,[saɪn],знак;подписывать;конт)подпись;признак
pocket,[ˈpɒkɪt],карман;карманный
whom,[huːm],кому;кто;который
cover,[ˈkʌvə(r)],покрытие;покрывать;защищать;кожух;обложка
ago,[əˈɡəʊ],тому назад
save,[seɪv],сохранять;спасать;охранять;защищать;ограждать;беречь;экономить
blow,[bləʊ],дуть;удар
change,[tʃeɪndʒ],изменять;изменение;отличие;отличаться
town,[taʊn],город
yourself,[jɔːˈself],себя;сами
glance,[ɡlɑːns],взгляд
able,[ˈeɪbl],способный
strike,[straɪk],ударять;нажимать;забастовка
lay,[leɪ],класть;лежать
story,[ˈstɔːri],история;рассказ;повесть;этаж
usual,[ˈjuːʒuəl],обычный;обычно
edge,[edʒ],край;изменять;ребро;краевой
force,[fɔːs],сила;заставлять;усилие;принудительный
manner,[ˈmænə(r)],манера;способ
different,[ˈdɪfrənt],другой;отличный;различный
pay,[peɪ],платить;обращать;оплата
themself,[-],себя;сам
except,[ɪkˈsept],кроме;за исключением того
maybe,[ˈmeɪbi],может быть
roll,[rəʊl],рулон;прокручивать;мех)прокатывать;переворачивать;инф)перематывать;реестр;мех)ролик
elf,[elf],эльф
wizard,[ˈwɪz.əd],волшебник;колдун
dress,[dres],одевать;платье
horse,[hɔːs],лошадь
afraid,[əˈfreɪd],испуганный
bright,[braɪt],яркий;блестящий
car,[kɑː(r)],машина;автомобиль;автомобильный
state,[steɪt],штат;государственный
uncle,[ˈʌŋkl],дядя
careful,[ˈkeəfl],осторожный;тщательный
witch,[wɪtʃ],ведьма
bend,[bend],сгибать;изгибать;гнуть;поворот
person,[ˈpɜːsn],человек
dragon,[ˈdræɡ.ən],дракон
final,[ˈfaɪnl],финал;конечный
anyone,[ˈeniwʌn],каждый;любой
sister,[ˈsɪstə(r)],сестра;однотипный
creature,[ˈkriːtʃə(r)],творение
chance,[tʃɑːns],случаться;шанс;случайный
loud,[laʊd],громкий;шумный
cross,[krɒs],пересекать;докм)разминуться;пересечение;перекрестный
below,[bɪˈləʊ],ниже
itself,[ɪtˈself],мсам;себя;непосредственно;он
ship,[ʃɪp],транс)отправлять;инф)загружать;судно;астр)корабль
glad,[ɡlæd],радый
shape,[ʃeɪp],формировать;форма
number,[ˈnʌmbə(r)],перечислять;число;номер;количество
thousand,[ˈθaʊznd],тысяча;тысячный
wake,[weɪk],будить;просыпаться
fine,[faɪn],очищать;экон)штрафовать;пеня;штраф;тонкий;отлично
fill,[fɪl],заполнять;наполнитель
box,[bɒks],боксировать;ящик;бокс;инф)блок
wrong,[rɒŋ],неправильно;неправильный
daemon,[-],демон
stick,[stɪk],втыкать;приклеивать;торчать;палка
lip,[lɪp],губа
seat,[siːt],усаживать;место
grey,[ɡreɪ],серый
hurry,[ˈhʌri],спешить;спешка
shoot,[ʃuːt],стрелять;фото)снимать
alice,[ˈæl.ɪs.bænd],элис
wild,[waɪld],дикий
fellow,[ˈfeləʊ],парень
country,[ˈkʌntri],страна;муз)кантри
deal,[diːl],иметь дело;сделка
plan,[plæn],план
mark,[mɑːk],выделять;маркировать;обозначать;отметка;маркер;марк;экон)марка
safe,[seɪf],сейф;безопасный
simple,[ˈsɪmpl],простой
several,[ˈsevrəl],различный
climb,[klaɪm],подниматься
blue,[bluː],синий
dog,[dɒɡ],собака;собачий
john,[ˈdʒɒn],джон;артс)иоанн
slight,[slaɪt],легкий;незначительный
piece,[piːs],часть;кусок
terrible,[ˈterəbl],страшный
memory,[ˈmeməri],память;воспоминания
bank,[bæŋk],экон)банк;банковский
clock,[klɒk],синхронизировать;часы
knife,[naɪf],нож
fair,[feə(r)],ярмарка;выставка;честный;светлый;справедливо
tower,[ˈtaʊə(r)],возвышаться;башня
exact,[ɪɡˈzækt],точный
smoke,[sməʊk],курить;дымить;дым
sorry,[ˈsɒri],огорченный
crowd,[kraʊd],собираться;толпа
picture,[ˈpɪktʃə(r)],изображать;изображение;артс)картина;фото)снимок;картинный
wave,[weɪv],отклонять;махать;волна;волновой
chapter,[ˈtʃæptə(r)],глава;отделение
company,[ˈkʌmpəni],компания;воен)рота
north,[nɔːθ],север;северный
ride,[raɪd],ездить;ехать;поездка
burn,[bɜːn],жечь;гореть;обжигать;ожог
blood,[blʌd],кровь;кровяной
everyone,[ˈevriwʌn],весь
fast,[fɑːst],быстро;быстрый
space,[speɪs],пространство;инф)пробел;космический
spring,[sprɪŋ],прыгать;весна;мех)авто)пружина;прыжок;весенний
lock,[lɒk],запирать;замок;инф)блокировка
warn,[wɔːn],предупреждать
count,[kaʊnt],считать;счет
empty,[ˈempti],пустой
merry,[ˈmer.i],веселый
guess,[ɡes],догадываться;догадка
nod,[nɒd],кивать;кивок
cloud,[klaʊd],затемнять;облако
curious,[ˈkjʊəriəs],любопытно;любопытный
spirit,[ˈspɪrɪt],дух
gentleman,[ˈdʒentlmən],джентльмен
wife,[waɪf],жена
captain,[ˈkæptɪn],капитан;капитанский
mine,[maɪn],геол)шахта;воор)мина;мой
lift,[lɪft],поднимать;лифт
slip,[slɪp],надевать;скользить;скольжение;ошибка
darkness,[dɑːk],темнота
noise,[nɔɪz],шум
war,[wɔː(r)],война;военный
hole,[həʊl],отверстие;астр)дыра
perfect,[ˈpɜːfɪkt],улучшать;отличный
twenty,[ˈtwenti],двадцать;двадцати
whatever,[wɒtˈevə(r)],все;что;независимо от того;какой
longer,[lɒŋ],дольше;более длинный
path,[pɑːθ],путь;инф)маршрут
nature,[ˈneɪtʃə(r)],природа;характер
attention,[əˈtenʃn],внимание
complete,[kəmˈpliːt],завершать;полный
wand,[wɒnd],палочка
mention,[ˈmenʃn],упоминать;ссылка
office,[ˈɒfɪs],офис;офисный
stair,[steə(r)],ступенька
escape,[ɪˈskeɪp],избегать;переход
ahead,[əˈhed],вперед;впереди
finish,[ˈfɪnɪʃ],завершать;заканчивать;конец
bag,[bæɡ],мешок;мультимножество
thick,[θɪk],толстый;плотный;густой
cause,[kɔːz],вызывать;заставлять;причина;процесс;дело
bow,[baʊ],кланяться;подчиняться;поклон;лук
vim,[vɪm],прыть
need,[niːd],необходимость;нужно
ah,[ɑː],ах
direction,[dəˈrekʃn],направление;руководство
field,[fiːld],область
neck,[nek],шея
plain,[pleɪn],равнина;простой;гладкий
key,[kiː],ключ;инф)клавиша;ключевой
mile,[maɪl],миля
press,[pres],нажимать;пресса;инф)нажатие;корреспондентский
allow,[əˈlaʊ],допускать;позволять
gentle,[ˈdʒentl],мягкий
daughter,[ˈdɔːtə(r)],дочь;дочерний
dwarf,[dwɔːf],карлик
particular,[pəˈtɪkjələ(r)],конкретный;в частности
six,[sɪks],шесть;шести
bar,[bɑː(r)],преграждать;бар;полоса;инф)зона;брусок;адвокатура;суд
pale,[peɪl],бледный
smell,[smel],пахнуть;чувствовать запах;запах;обоняние
moon,[muːn],луна;лунный
nose,[nəʊz],выискивать;нос;носовой
sharp,[ʃɑːp],точно;острый
ancient,[ˈeɪnʃənt],древний;старинный
anyway,[ˈeniweɪ],во всяком случае
evil,[ˈiːvl],зло;злой
faint,[feɪnt],слабый
act,[ækt],действовать;действие
silver,[ˈsɪlvə(r)],серебро;серебряный
mere,[mɪə(r)],просто;простой
yard,[jɑːd],ярд
bird,[bɜːd],птица
visit,[ˈvɪzɪt],посещать;визит
note,[nəʊt],иметь в виду;примечание
stuff,[stʌf],набивать;материал
month,[mʌnθ],месяц;месячный
nice,[naɪs],мило;хороший
scream,[skriːm],кричать;крик
subject,[ˈsʌbdʒɪkt],в зависимости от
west,[west],запад;западный;на западе
lean,[liːn],сгибать;наклоняться;прислоняться;тощий
somewhere,[ˈsʌmweə(r)],где-нибудь;куда-нибудь
horror,[ˈhɒrə(r)],ужас;ужасный
knock,[nɒk],стучать;ударять;стук;удар
potter,[ˈpɒt.ər],гончар
explain,[ɪkˈspleɪn],объяснять
reply,[rɪˈplaɪ],отвечать;ответ
common,[ˈkɒmən],общий
straight,[streɪt],прямо;сразу;прямой
game,[ɡeɪm],игра
pause,[pɔːz],останавливаться;пауза
pippin,[-],пепин
golden,[ˈɡəʊl.dən],золотой;золотистый
consider,[kənˈsɪdə(r)],рассматривать;считать;решать
trust,[trʌst],верить;доверие;экон)траст
beautiful,[ˈbjuːtɪfl],красивый
further,[ˈfɜːðə(r)],продвигать;дальше;дальнейший
mad,[mæd],сумасшедший;безумный
soul,[səʊl],душа
party,[ˈpɑːti],партия;конт)экон)транс)сторона;встр)вечеринка
queen,[kwiːn],королева;королевский
train,[treɪn],готовить;поезд
marry,[ˈmæri],вступать в брак с
cat,[kæt],кошка
receive,[rɪˈsiːv],получать;приемник
beat,[biːt],бить;опережать;ритм;такт
enemy,[ˈenəmi],неприятель;враждебный
join,[dʒɔɪn],к;соединять;груп)объединять;соединение
spot,[spɒt],определять;точка
continue,[kənˈtɪnjuː],продолжать;оставаться
middle,[ˈmɪdl],середина;средний
van,[væn],фургон;вагон;вэн
account,[əˈkaʊnt],считать;счет;отчет;учетный
garden,[ˈɡɑːdn],сад
hot,[hɒt],горячий
pain,[peɪn],боль
iron,[ˈaɪən],гладить;железо;железный
sword,[sɔːd],сабля;сабельный
expression,[ɪkˈspreʃn],выражение
folk,[fəʊk],народ;народный
object,[ˈɒbdʒɪkt],возражать;объект;объектный
elizabeth,[-],элизабет
snow,[snəʊ],снег;снежный
search,[-],искать;поиск
hop,[hɒp],прыжок;хмель;хмелевой
worry,[ˈwʌri],беспокоиться;озабоченность
buy,[baɪ],покупать
hit,[hɪt],поражать;нападать;инф)нажимать;удар
ought,[ɔːt],должен
odd,[ɒd],нечетный;странный
push,[pʊʃ],выталкивать;толчок
study,[ˈstʌdi],изучать;заниматься;анализ
instant,[ˈɪn.stənt],момент;мгновенный
during,[ˈdjʊərɪŋ],во время;в течение
thin,[θɪn],тонкий
magic,[ˈmædʒɪk],магия;волшебный
settle,[ˈsetl],решать;урегулировать;оседать;астр)осваивать
view,[vjuː],рассматривать;вид;зрение;представление;точка зрения
steppe,[step],степь
job,[dʒɒb],работа;задание
leap,[liːp],прыгать;прыжок;скачок
promise,[ˈprɒmɪs],обещать;обещание
dust,[dʌst],пыль
forest,[ˈfɒrɪst],лес;лесной
warm,[wɔːm],нагревать;тепло;теплый
instead,[ɪnˈsted],взамен
offer,[ˈɒfə(r)],предлагать;предложение
angry,[ˈæŋɡri],сердитый
seek,[siːk],искать;поиск
pleasure,[ˈpleʒə(r)],удовольствие
choose,[tʃuːz],выбирать;решать;выбор
clothe,[kləʊð],одевать;облекать
lower,[ˈləʊ.ər],уменьшать;более низкий;ниже
mutter,[ˈmʌt.ər],бормотать
stream,[striːm],течь;поток
kiss,[kɪs],целовать;поцелуй
boat,[bəʊt],лодка;судно
natural,[ˈnætʃrəl],естественно;естественный
truth,[truːθ],истина
sing,[sɪŋ],петь
observe,[əbˈzɜːv],наблюдать;соблюдать
dinner,[ˈdɪnə(r)],обед
food,[fuːd],пища;продовольственный
tall,[tɔːl],высокий;ростом;выше
ring,[rɪŋ],звонить;кольцо;кольцевой
decide,[dɪˈsaɪd],решать
horrible,[ˈhɒr.ɪ.bl̩],ужасный
vanish,[ˈvæn.ɪʃ],исчезать
spend,[spend],тратить
grave,[ɡreɪv],могила;ударение;серьезный;важный
actual,[ˈæktʃuəl],фактический
gather,[ˈɡæðə(r)],собирать
repeat,[rɪˈpiːt],повторять;повторение
south,[saʊθ],юг;южный
manage,[ˈmænɪdʒ],управлять
ill,[ɪl],зло;недуг;плохой;больной;дурно
dance,[dɑːns],танцевать;танец
stephen,[-],стивен
roof,[ruːf],крыть;крыша
ghost,[ɡəʊst],призрак
sink,[sɪŋk],погружать;топить;погружаться;тонуть;раковина
grass,[ɡrɑːs],трава
jim,[ˌdʒɪmˈkrəʊ],джим
carter,[-],возчик;картер
dry,[draɪ],сушить;сохнуть;протирать;сухой
narrow,[ˈnærəʊ],суживать;узкий
hurt,[hɜːt],ранить;повреждение;рана
knee,[niː],колено;коленный
law,[lɔː],закон;юридический
reckon,[ˈrekən],подсчитывать;расплачиваться
service,[ˈsɜːvɪs],обслуживать;услуга;обслуживание;воен)служба
arrive,[əˈraɪv],прибывать
george,[-],джордж
worse,[wɜːs],хуже;плохой
yeah,[jeə],да
alive,[əˈlaɪv],живой;готовый;работоспособный
distance,[ˈdɪstəns],расстояние
length,[leŋθ],длина;продолжительность;отрезок
desk,[desk],стол;пульт;настольный
sweet,[swiːt],приятно;приятный;сладкий
art,[ɑːt],искусство
crack,[kræk],трескаться;трещина;отборный
approach,[əˈprəʊtʃ],достигать;приближаться;метод
realize,[ˈriːəlaɪz],реализовывать;понимать
colour,[ˈkʌlə(r)],фото)окрашивать;цвет;цветной
brain,[breɪn],мозг;мозговой
tale,[teɪl],рассказ;повесть
seven,[ˈsevn],семь;семи
valley,[ˈvæli],долина
circle,[ˈsɜːkl],круг
fancy,[ˈfænsi],предполагать;увлекаться;воображение;причудливый
purpose,[ˈpɜːpəs],исключительно для
third,[θɜːd],третий
brown,[braʊn],коричневый
effect,[ɪˈfekt],производить;эффект
london,[-],лондон;лондонский
tremble,[ˈtrem.bl̩],дрожать;дрожь
kid,[kɪd],шутить;ребенок;козленок;лайковый
distant,[ˈdɪs.tənt],отдаленный
onto,[ˈɒntə],на
sigh,[saɪ],вздыхать;вздох
beneath,[bɪˈniːθ],под
important,[ɪmˈpɔːtnt],важно;важный
rush,[rʌʃ],спешить;спешка;срочный;срочно
sirius,[-],сириус
strength,[streŋθ],сила;прочность;воен)численность
east,[iːst],восток;восточный
crouch,[kraʊtʃ],приседать
fit,[fɪt],устанавливать;приступ;годный
gray,[ɡreɪ],серый
stretch,[stretʃ],протягивать
imagine,[ɪˈmædʒɪn],представлять себе
jump,[dʒʌmp],прыгать;перескакивать;прыжок;инф)переход
direct,[dəˈrekt],направлять;прямой
neither,[ˈnaɪðə(r)],никакой;ни
cloak,[kləʊk],плащ
nobody,[ˈnəʊbədi],никто
shock,[ʃɒk],потрясать;шокировать;потрясение;удар;шок
speed,[spiːd],ускорять;скорость;скоростной
tea,[tiː],чай;чайный
tone,[təʊn],оттенок
wing,[wɪŋ],крыло
thought,[θɔːt],думать;мысль
dim,[dɪm],затемнять;тусклый
flower,[ˈflaʊə(r)],цветок;цветочный
report,[rɪˈpɔːt],сообщать;сообщение
today,[təˈdeɪ],сегодня
teeth,[tiːθ],зуб;зубной
fred,[-],фред
bare,[beər],чистый
yellow,[ˈjeləʊ],желтый
breakfast,[ˈbrekfəst],завтрак
jam,[dʒæm],зажимать;замятие;давка;джем;затор
journey,[ˈdʒɜːni],путешествие;поездка
ruin,[ˈruːɪn],разрушать;крах
attack,[əˈtæk],атаковать;атака;нападение
putt,[pʌt],легкий;удар
bottle,[ˈbɒtl],разливать по бутылкам;бутылка
frighten,[ˈfraɪtn],пугать
servant,[ˈsɜːvənt],слуга
flash,[flæʃ],высвечивать;вспышка
immediate,[ɪˈmiːdiət],безотлагательный;непосредственный
bound,[baʊnd],связывать;граничить;граница;прыжок;связанный
single,[ˈsɪŋɡl],единственный
concern,[kənˈsɜːn],беспокоиться;касаться;заниматься;беспокойство;концерн
afterward,[ˈɑːf.tə.wədz],впоследствии
rule,[ruːl],управлять;правило
snap,[snæp],ломать;щелкать;щелчок;мгновенный
bell,[bel],сигнал;колокол
sweep,[swiːp],подметать;инф)развертывать;развертка
control,[kənˈtrəʊl],управлять;управление;управляющий
passage,[ˈpæsɪdʒ],проход;проезд
square,[skweə(r)],квадрат;квадратный
tire,[ˈtaɪə(r)],уставать;шина
cup,[kʌp],чашка
fix,[fɪks],устанавливать;фиксировать;ремонтировать;исправление
fresh,[freʃ],свежий
huge,[hjuːdʒ],огромный
aside,[əˈsaɪd],в сторону
rich,[rɪtʃ],богатый
tight,[taɪt],плотный
bridge,[brɪdʒ],соединять мостом;мост;бридж
flat,[flæt],квартира;плоский
madam,[ˈmæd.əm],мадам
song,[sɒŋ],песня
swing,[swɪŋ],качать;качание;перепад
clean,[kliːn],чистить;чистый;проверенный;как следует
pack,[pæk],упаковывать;заполнять;упаковка
coat,[kəʊt],покрывать;пальто
conversation,[ˌkɒnvəˈseɪʃn],разговор
couple,[ˈkʌpl],соединять;пара
afternoon,[ˌɑːftəˈnuːn],полдень
asleep,[əˈsliːp],спящий
burst,[bɜːst],лопаться;взрываться;взрыв
ball,[bɔːl],шар;шаровой
castle,[ˈkɑːsl],замок
church,[tʃɜːtʃ],церковь;церковный
address,[əˈdres],адресовать;обращаться;адрес
entire,[ɪnˈtaɪə(r)],целый
unless,[ənˈles],если
occasion,[əˈkeɪʒn],случай
knowledge,[ˈnɒlɪdʒ],знание
rat,[ræt],крыса;крысиный
fail,[feɪl],терпеть неудачу
steal,[stiːl],красть;захватывать
pair,[peə(r)],спаривать;пара
rain,[reɪn],лить;дождь
throat,[θrəʊt],горло
calm,[kɑːm],успокаивать;спокойствие;тихий
message,[ˈmesɪdʒ],сообщение;послание
court,[kɔːt],юрид)выигрывать;суд;судебный
creep,[kriːp],ползать
self,[self],собственная личность;сам;сам;лично
swift,[swɪft],быстрый
character,[ˈkærəktə(r)],символ;характер;символьный;характерный
companion,[kəmˈpæn.jən],компаньон;побочный
remark,[rɪˈmɑːk],замечать;замечание
desire,[dɪˈzaɪə(r)],хотеть;желание
prepare,[prɪˈpeə(r)],подготавливать;готовиться
wheel,[wiːl],колесо
public,[ˈpʌblɪk],публика;общественный
vast,[vɑːst],обширный
wound,[wuːnd],ранить;рана
bottom,[ˈbɒtəm],вникать;низ;нижний
mighty,[ˈmaɪ.ti],могущественный
serious,[ˈsɪəriəs],серьезный
forth,[fɔːθ],далее
wonderful,[ˈwʌndəfl],замечательно;замечательный
charge,[tʃɑːdʒ],заряжать;экон)предлагать;брать;плата;заряд
roar,[rɔːr],реветь;рев
awake,[əˈweɪk],будить
corridor,[ˈkɒr.ɪ.dɔːr],коридор
record,[ˈrekɔːd],записывать;запись;рекорд;рекордный
tiny,[ˈtaɪni],небольшой
gun,[ɡʌn],пушка;ружье
moody,[ˈmuː.di],капризный
police,[pəˈliːs],полиция;полицейский
pound,[paʊnd],колотить;фунт;фунтовый
experience,[ɪkˈspɪəriəns],получать;испытывать;опыт
prove,[pruːv],доказывать
scar,[skɑːr],шрам
wander,[ˈwɒndə(r)],бродить
check,[tʃek],проверять;чек;контрольный
seize,[siːz],захватывать
cool,[kuːl],охлаждать;холодный
nanny,[ˈnæn.i],няня
tonight,[təˈnaɪt],сегодня вечером
beg,[beɡ],просить
twice,[twaɪs],дважды
bless,[bles],благословлять
drag,[dræɡ],тащить;помеха
group,[ɡruːp],группировать;группа;групповой
proper,[ˈprɒpə(r)],соответствующий
curse,[kɜːs],проклинать;проклятие
susan,[ˌleɪ.ziˈsuː.zən],сюзан
cave,[keɪv],пещера
proud,[praʊd],гордый
race,[reɪs],состязаться;гонка;раса;расовый
charm,[tʃɑːm],очаровывать;очаровательный;обаяние;прелесть
lake,[leɪk],озеро
blind,[blaɪnd],слепить;штора;слепой
class,[klɑːs],класс
struggle,[ˈstrʌɡl],бороться;борьба
danger,[ˈdeɪndʒə(r)],опасность;опасный
double,[ˈdʌbl],удваивать;двойное количество;двойной;вдвойне
nervous,[ˈnɜːvəs],нервный
normal,[ˈnɔːml],нормально;нормальный
spread,[spred],распространять;простираться;распространение;распростертый
delight,[dɪˈlaɪt],приводить в восторг;восхищение
disappear,[ˌdɪsəˈpɪə(r)],исчезать
scene,[siːn],сцена;инф)изображение
cast,[kɑːst],бросать;слепок
flame,[fleɪm],пламя
obvious,[ˈɒbviəs],очевидный
saint,[seɪnt],святой
station,[ˈsteɪʃn],станция
position,[pəˈzɪʃn],позиционировать;позиция
size,[saɪz],размер
kitchen,[ˈkɪtʃɪn],кухня;кухонный
duty,[ˈdjuːti],обязанность;пошлина
tongue,[tʌŋ],язык
branch,[brɑːntʃ],расширять;ветка;отрасль;отделение;отраслевой
entrance,[ˈentrəns],вход;вступительный
express,[ɪkˈspres],выражать;экспресс;срочный;специальный
history,[ˈhɪstri],история;исторический
welcome,[ˈwelkəm],добро пожаловать
mist,[mɪst],туман
grin,[ɡrɪn],ухмыляться;усмешка
vague,[veɪɡ],неопределенный
anxious,[ˈæŋkʃəs],озабоченный
busy,[ˈbɪzi],занятый
fish,[fɪʃ],рыба;рыбный
husband,[ˈhʌzbənd],муж
robe,[rəʊb],халат
board,[bɔːd],совет;доска;инф)плата;транс)борт;на борту
skin,[skɪn],кожа;шкура;кожура
stir,[stɜː(r)],шевелить
shop,[ʃɒp],делать покупки;магазин;мастерская
battle,[ˈbætl],бороться;борьба;битва
worth,[wɜːθ],стоящий
dare,[deə(r)],осмеливаться
judge,[dʒʌdʒ],судить;судья;эксперт
society,[səˈsaɪəti],общество
terror,[ˈter.ər],террор;ужас
track,[træk],прослеживать;дорожка
discover,[dɪˈskʌvə(r)],обнаруживать
nine,[naɪn],девять;девяти
travel,[ˈtrævl],путешествовать;перемещать;путешествие;перемещение
card,[kɑːd],карта
twist,[twɪst],скручивать;искривление
chamber,[ˈtʃeɪmbə(r)],палата;камера
chief,[tʃiːf],руководитель;главный
heaven,[ˈhevn],небо
therefore,[ˈðeəfɔː(r)],следовательно
march,[mɑːtʃ],маршировать;марш;март;мартовский
unknown,[ˌʌnˈnəʊn],неизвестный
slope,[sləʊp],уклон
effort,[ˈefət],усилие
utter,[ˈʌt.ər],произносить;сплошной
desert,[ˈdezət],покидать;пустыня;необитаемый
glow,[ɡləʊ],светиться;свечение;разряд
suggest,[səˈdʒest],предлагать;советовать;предложенный
greater,[ˈɡreɪ.tər],больше;больший
pray,[preɪ],молить
apparent,[əˈpærənt],очевидно;явный
hideous,[ˈhɪd.i.əs],уродливый
metal,[ˈmetl],мех)металл
music,[ˈmjuːzɪk],музыка;ноты;музыкальный
village,[ˈvɪlɪdʒ],деревня
dangerous,[ˈdeɪndʒərəs],опасный
everybody,[ˈevribɒdi],каждый
somehow,[ˈsʌmhaʊ],как-нибудь
gaz,[-],газ;газовый
respect,[rɪˈspekt],уважать;отношение
rider,[ˈraɪdə(r)],всадник
born,[bɔːn],рождаться;рожденный
wine,[waɪn],вино
difficult,[ˈdɪfɪkəlt],трудно;трудный
grab,[ɡræb],захватывать;захват
stupid,[ˈstjuːpɪd],глупый;тупой
tie,[taɪ],соединять;соединение;соединительный
fool,[fuːl],одурачивать;дурак
stranger,[ˈstreɪndʒə(r)],незнакомец;новичок;посторонний
flow,[fləʊ],течь;происходить;поток
fold,[fəʊld],складывать;свертывать;сгибать;складка;паства
recall,[rɪˈkɔːl],восстанавливать;учитывать;возврат;одуш)воспоминание
row,[rəʊ],грести;колонка
shin,[ʃɪn],голень
echo,[ˈek.əʊ],эхо
pour,[pɔː(r)],лить
tomorrow,[təˈmɒrəʊ],завтра
animal,[ˈænɪml],животное
match,[mætʃ],соответствовать;сочетаться;сопоставлять;спичка;инф)сопоставление;матч;партия
pile,[paɪl],кипа
brief,[briːf],резюме;краткий
level,[ˈlevl],выравнивать;уровень
main,[meɪn],основа;основной
private,[ˈpraɪvət],частный
paint,[peɪnt],закрашивать;артс)изображать;краска;закрашивание
remove,[rɪˈmuːv],удалять;удаление
attempt,[əˈtempt],пытаться;попытка
planet,[ˈplænɪt],астр)планета;планетарный
ward,[wɔːd],отражать;опекаемый
writ,[rɪt],исполнительный;лист
command,[kəˈmɑːnd],приказывать;командовать;команда;командный
spy,[spaɪ],шпионить;шпион;слежение;шпионский
although,[ɔːlˈðəʊ],хотя
chain,[tʃeɪn],подключать;цепь;последовательность;цепной
quarter,[ˈkwɔːtə(r)],четверть;квартал;четвертак
anybody,[ˈenibɒdi],кто-нибудь
circumstance,[ˈsɜːkəmstəns],обстоятельство
hiss,[hɪs],освистывать;шипеть
sad,[sæd],печальный
aware,[əˈweə(r)],знающий
trace,[treɪs],прослеживать;след;трассировка;чуть-чуть
action,[ˈækʃn],действие;иск
angel,[ˈeɪn.dʒəl],ангел
fifty,[ˈfɪfti],пятьдесят;пятидесятый;пятидесяти
problem,[ˈprɒbləm],проблема;проблемный
summer,[ˈsʌmə(r)],лето;сумматор;летний
steady,[ˈstedi],устойчивый
detail,[ˈdiːteɪl],описывать;подробно;деталь;подробный
firm,[fɜːm],фирма;твердый
halt,[hɒlt],останавливать;останов
opinion,[əˈpɪnjən],мнение
spell,[spel],писать по буквам
granny,[ˈɡræn.i],бабушка
bill,[bɪl],выставлять счет;счет;купюра;законопроект;афиша;клюв;билл
especial,[ɪˈspeʃ.əl],особенный
weak,[wiːk],слабый
page,[peɪdʒ],страница;страничный
special,[ˈspeʃl],специальный
inch,[ɪntʃ],дюйм;дюймовый
speech,[spiːtʃ],речь;речевой
wash,[wɒʃ],мыть;стирка;примочка
gasp,[ɡɑːsp],задыхаться
task,[tɑːsk],задача;задание
boot,[buːt],загружать;пинать;ботинок;багажник;инф)загрузка
candle,[ˈkæn.dl̩],свеча
cheek,[tʃiːk],щека
extreme,[ɪkˈstriːm],предел;экстремальный
hell,[hel],ад
eight,[eɪt],восемь;восьми
hint,[hɪnt],намек
necessary,[ˈnesəsəri],необходимо;необходимый
term,[tɜːm],характеризовать;срок;условие;термин
impossible,[ɪmˈpɒsəbl],невозможно;невозможный
kick,[kɪk],бить;удар
reveal,[rɪˈviːl],показывать;обнаруживать
closer,[kləʊs],ближе;ближний
movement,[ˈmuːvmənt],перемещение
presence,[ˈprezns],присутствие;наличие
suffer,[ˈsʌfə(r)],страдать
beauty,[ˈbjuːti],красота
dreadful,[ˈdred.fəl],ужасный
gleam,[ɡliːm],блестеть;проблеск
occur,[əˈkɜː(r)],происходить
rid,[rɪd],освобождать;избавлять
rough,[rʌf],грубый
broad,[brɔːd],широкий
jane,[ˌdʒeɪnˈdəʊ],джейн
pleasant,[ˈpleznt],приятный
breast,[brest],грудь;грудной
post,[pəʊst],посылать;пост;сообщение
rope,[rəʊp],веревка
bone,[bəʊn],кость;костный
evident,[ˈev.ɪ.dənt],очевидный
parent,[ˈpeərənt],родитель;родительский
student,[ˈstjuːdnt],студент;студенческий
youth,[juːθ],молодость
future,[ˈfjuːtʃə(r)],будущее;будущий
trunk,[trʌŋk],шина
absolute,[ˈæbsəluːt],абсолютный
admit,[ədˈmɪt],допускать
lee,[liː],укрытие;подветренный
queer,[kwɪər],необычный
thus,[ðʌs],таким образом
wise,[waɪz],мудрый
excuse,[ɪkˈskjuːs],извинять;извинение
carrot,[ˈkærət],морковь;морковный
comfort,[ˈkʌmfət],успокаивать;удобство
surface,[ˈsɜːfɪs],всплывать;поверхность;поверхностный
alarm,[əˈlɑːm],тревожить;тревога;аварийный
shine,[ʃaɪn],сиять;лоск
shore,[ʃɔːr],берег
tap,[tæp],подключать;отвод
tip,[tɪp],откидывать;конец
weapon,[ˈwepən],оружие
belong,[bɪˈlɒŋ],принадлежать
charles,[-],чарльз
peace,[piːs],мир;мирный
smooth,[smuːð],разглаживать;плавный;гладкий
dwell,[dwel],задерживаться;останавливаться;задержка
enjoy,[ɪnˈdʒɔɪ],наслаждаться;любить
float,[fləʊt],плавать;поплавок;инф)функция преобразования;переменный
lamp,[læmp],лампа;фонарь;фонарный
occasional,[əˈkeɪ.ʒən.əl],случайный;редкий
peer,[pɪər],равняться;сверстник;равный
fad,[fæd],поветрие
machine,[məˈʃiːn],машина;машинный
regard,[rɪˈɡɑːd],считать;отношение
screen,[skriːn],отгораживать;экран;экранный
murmur,[ˈmɜː.mər],роптать;ропот
beard,[bɪəd],борода
joe,[ˌdʒəʊˈblɒɡz],джо
loose,[luːs],освобождать;свободный
scrooge,[skruːdʒ],скряга
fashion,[ˈfæʃn],изготавливать;способ
suit,[suːt],подходить;иск;судебное дело;костюм
dozen,[ˈdʌzn],дюжина
flight,[flaɪt],полет;рейс;полетный
officer,[ˈɒfɪsə(r)],должностное;лицо;воен)офицер
dawn,[dɔːn],рассветать;рассвет
crown,[kraʊn],венчать;корона
various,[ˈveəriəs],различный
apart,[əˈpɑːt],отдельно
destroy,[dɪˈstrɔɪ],уничтожать
drift,[drɪft],дрейф;постепенный
information,[ˌɪnfəˈmeɪʃn],информация;информационный
tail,[teɪl],выслеживать;плестись;хвост
chest,[tʃest],ящик;грудь;грудной
event,[ɪˈvent],случай;инф)событие
familiar,[fəˈmɪliə(r)],знакомый;похожий
language,[ˈlæŋɡwɪdʒ],язык;языковой
weary,[ˈwɪə.ri],утомительный;усталый
personal,[ˈpɜːsənl],персональный
produce,[prəˈdjuːs],производить;создавать;выдача
share,[ʃeə(r)],распространять;делить;акция;доля;акционерный
assure,[əˈʃʊə(r)],гарантировать
desperate,[ˈdespərət],отчаянно;отчаянный
appearance,[əˈpɪərəns],появление;вид;внешность
dread,[dred],страшиться;страх;страшный
gentlemen,[ˈdʒen.tl̩.mən],господа
thirty,[ˈθɜːti],тридцать;тридцати
crawl,[krɔːl],ползать;кроль
guide,[ɡaɪd],вести;руководство
weight,[weɪt],нагружать;весить;вес
awful,[ˈɔːfl],ужасный
contain,[kənˈteɪn],содержать;содержание
glimpse,[ɡlɪmps],проблеск
worst,[wɜːst],наихудший
condition,[kənˈdɪʃn],оценивать;условие;состояние
library,[ˈlaɪbrəri],библиотека;библиотечный
tunnel,[ˈtʌnl],прокладывать;туннель;туннельный
honour,[ˈɒnə(r)],выполнять;акцептовать;почитать;честь
opposite,[ˈɒpəzɪt],напротив;противоположный
phone,[fəʊn],звонить;телефон;телефонный
clutch,[klʌtʃ],хватать;сцепление;фиксатор
fat,[fæt],жир;жирный
million,[ˈmɪljən],миллион;миллионный
serve,[sɜːv],обслуживать;подавать;воен)служить
century,[ˈsentʃəri],столетие
comfortable,[ˈkʌmftəbl],комфортабельный
examine,[ɪɡˈzæmɪn],изучать;мед)обследовать;проверять;проверка
result,[-],происходить;результат
shire,[ʃaɪər],графство
percy,[-],перси
avoid,[əˈvɔɪd],избегать
disturb,[dɪˈstɜːb],мешать
plate,[pleɪt],пластина;листовой
pretend,[prɪˈtend],претендовать;притворяться
yell,[jel],кричать
bury,[ˈberi],хоронить;прятать
cliff,[klɪf],скала
handle,[ˈhændl],оперировать;ручка
sell,[sel],продавать;продажа
accept,[əkˈsept],принимать;мириться
dig,[dɪɡ],копать
excite,[ɪkˈsaɪt],возбуждать
horn,[hɔːn],сигнал
rub,[rʌb],тереть
advance,[ədˈvɑːns],предоставлять;продвигаться;аванс;авансовый
lad,[læd],парень
eager,[ˈiː.ɡər],энергичный;стремящийся
joy,[dʒɔɪ],радость
former,[ˈfɔːmə(r)],последний;формирователь;прежний
block,[blɒk],блокировать;блок;блочный
dull,[dʌl],тусклый
dan,[-],дан
host,[həʊst],хозяин;главный
ice,[aɪs],замораживать;лед;ледяной
mirror,[ˈmɪrə(r)],зеркало;зеркальный
remind,[rɪˈmaɪnd],напоминать
visible,[ˈvɪzəbl],видимый
height,[haɪt],высота
difficulty,[ˈdɪfɪkəlti],трудность
england,[ˌnjuːˈɪŋ.ɡlənd],англия
english,[ˈɪŋ.ɡlɪʃ],английский;англо
fur,[fɜː(r)],мех;меховой
powerful,[ˈpaʊəfl],мощный
twelve,[twelv],двенадцать;двенадцати
dad,[dæd],папа
owl,[aʊl],сова
plenty,[ˈplenti],много;обильный
slide,[slaɪd],задвигать;скользить;скольжение;фото)слайд;движок
wooden,[ˈwʊdn],деревянный
mistake,[mɪˈsteɪk],ошибаться;ошибка
copy,[ˈkɒpi],копировать;копия;копирование
guest,[ɡest],гость
cloth,[klɒθ],ткань
grim,[ɡrɪm],жуткий
impression,[ɪmˈpreʃn],впечатление
camp,[kæmp],располагаться лагерем;лагерь
hum,[hʌm],напевать;жужжать;жужжание;гул
sake,[seɪk],ради
magical,[ˈmædʒ.ɪ.kəl],магический;волшебный
park,[pɑːk],парковать;парк
robot,[ˈrəʊ.bɒt],робот
shoe,[ʃuː],башмак;обувной
damn,[dæm],проклинать;ругательство
soldier,[ˈsəʊldʒə(r)],солдат;солдатский
forehead,[ˈfɒr.ɪd],лоб
taste,[teɪst],пробовать;вкус
choice,[tʃɔɪs],выбор
curtain,[ˈkɜːtn],занавес
somebody,[ˈsʌmbədi],кто-то
doorway,[ˈdɔː.weɪ],вход
luck,[lʌk],удача
pipe,[paɪp],труба
treat,[triːt],обращаться;мед)лечить;инф)обрабатывать;относиться;удовольствие
crash,[kræʃ],разрушать;авария
staircase,[ˈsteə.keɪs],лестница
storm,[stɔːm],воен)штурмовать;шторм;воен)штурм;грозовой
bet,[bet],ставить;пари
connect,[kəˈnekt],соединять;подключать
shriek,[ʃriːk],вопить;вопль
visitor,[ˈvɪzɪtə(r)],посетитель
claw,[klɔː],царапать;коготь
equal,[ˈiːkwəl],равняться;равный
flee,[fliː],избегать;убегать
aid,[eɪd],помогать;помощь;аппарат
carriage,[ˈkær.ɪdʒ],перевозка;коляска;шасси
hunt,[hʌnt],охотиться;искать;охота;поиск
otherwise,[ˈʌðəwaɪz],в противном случае;иначе
prisoner,[ˈprɪznə(r)],заключенный
satisfy,[ˈsætɪsfaɪ],удовлетворять
store,[stɔː(r)],склад;хранилище;магазин;запас;хранить;сохранять
weather,[ˈweðə(r)],погода
coffee,[ˈkɒfi],кофе
older,[əʊld],более старый
pity,[ˈpɪti],жалость
yesterday,[ˈjestədeɪ],вчера
altogether,[ˌɔːltəˈɡeðə(r)],вместе
college,[ˈkɒlɪdʒ],колледж;университетский
curl,[kɜːl],крутить;вихрь
ministry,[ˈmɪnɪstri],министерство
relief,[rɪˈliːf],облегчение;смена;помощь;пособие;артс)рельеф;рельефный
shirt,[ʃɜːt],рубашка
shudder,[ˈʃʌd.ər],содрогаться;вздрагивать;дрожь
content,[ˈkɒntent],удовлетворять;содержание;довольный
mystery,[ˈmɪstri],тайна
wet,[wet],мокрый
fortune,[ˈfɔːtʃuːn],состояние;удача;судьба
monstrous,[ˈmɒn.strəs],чудовищный
scarce,[skeəs],редкий
increase,[ɪnˈkriːs],увеличивать;возрастать;увеличение
rattle,[ˈræt.l̩],трещать
describe,[dɪˈskraɪb],описывать
harm,[hɑːm],вредить;вред
image,[ˈɪmɪdʒ],образ;изображение
sheet,[ʃiːt],лист;простыня;листовой
gap,[ɡæp],промежуток;брешь
prison,[ˈprɪzn],тюрьма;тюремный
sail,[seɪl],плавать;парус;лодка;плавание
elder,[ˈel.dər],старший
egg,[eɡ],яйцо
rate,[reɪt],оценивать;показатель;ставка;темп
authority,[ɔːˈθɒrəti],руководство;полномочие;источник
cheer,[tʃɪər],одобрять;возглас
engage,[ɪnˈɡeɪdʒ],занимать
fudge,[fʌdʒ],стряпня;надстроечный
higher,[ˈhaɪ.ər],выше;более высокий
computer,[kəmˈpjuːtə(r)],компьютер;компьютерный
exist,[ɪɡˈzɪst],существовать
file,[faɪl],инф)файл;файловый
sob,[sɒb],рыдать;рыдание
island,[ˈaɪlənd],остров
precious,[ˈpreʃ.əs],драгоценный
button,[ˈbʌtn],кнопка
howl,[haʊl],реветь;рев
member,[ˈmembə(r)],член;инф)авто)элемент;воен)участник
cheerful,[ˈtʃɪəfl],бодрый
steel,[stiːl],сталь;стальной
affair,[əˈfeə(r)],дело;роман
blaze,[bleɪz],гореть;сверкать;пламя
design,[dɪˈzaɪn],разрабатывать;воен)создавать;проект;разработка;проектый;расчетный
arrow,[ˈærəʊ],стрела;инф)стрелка
beam,[biːm],луч;техн)бимс;лучевой
devil,[ˈdev.əl],дьявол
load,[ləʊd],загружать;нагрузка;инф)загрузка
shiver,[ˈʃɪv.ər],дрожать;дрожь
blast,[blɑːst],взрывать;взрыв;порыв
brush,[brʌʃ],чистить;щетка
influence,[ˈɪnfluəns],влиять;влияние
suspect,[səˈspekt],подозревать;подозреваемый;подозрительный
anywhere,[ˈeniweə(r)],везде;нигде
determine,[dɪˈtɜːmɪn],определять;определение
funny,[ˈfʌni],странный
goblin,[ˈɡɒb.lɪn],гном
murder,[ˈmɜːdə(r)],убивать;убийство
solid,[ˈsɒlɪd],твердое тело;твердый;прочный
bloody,[ˈblʌd.i],кровавый
giant,[ˈdʒaɪənt],гигант;гигантский
growl,[ɡraʊl],рычать;рычание
rag,[ræɡ],тряпка
sick,[sɪk],больной
spin,[spɪn],вращать;вращение
gain,[ɡeɪn],приобретать;выигрывать;прирост;увеличение
lesson,[ˈlesn],раздел;урок
map,[mæp],отображать;карта
opportunity,[ˌɒpəˈtjuːnəti],возможность
recognize,[ˈrekəɡnaɪz],признавать;распознавать;осознавать
accord,[əˈkɔːd],согласовывать;согласие
marriage,[ˈmærɪdʒ],брак;женитьба
colon,[ˈkəʊ.lɒn],двоеточие
freeze,[friːz],замораживать;замерзать;замораживание
hotel,[həʊˈtel],отель
stumble,[ˈstʌm.bl̩],спотыкаться;запинаться
include,[ɪnˈkluːd],включать
midnight,[ˈmɪdnaɪt],полночь
refuse,[rɪˈfjuːz],отклонять;отказываться
fully,[ˈfʊli],полностью
wipe,[waɪp],стирать;стирание
choke,[tʃəʊk],душить;задыхаться;насос
glitter,[ˈɡlɪt.ər],блестеть;блеск
period,[ˈpɪəriəd],период;точка
feeling,[ˈfiːlɪŋ],чувствовать;чувство
grand,[ɡrænd],большой
system,[ˈsɪstəm],система;системный
bitter,[ˈbɪtə(r)],горький;жестоко
dye,[daɪ],красить;краска
forgive,[fəˈɡɪv],прощать
motion,[ˈməʊʃn],движение;перемещение;юрид)ходатайство
rep,[rep],реп;повтор
handsome,[ˈhæn.səm],красивый
frown,[fraʊn],хмурить
stage,[steɪdʒ],этап;сцена;астр)ступень
type,[taɪp],набирать;тип
beast,[biːst],зверь
bread,[bred],хлеб
excellent,[ˈeksələnt],отлично;отличный
ourself,[-],мы сами;мы сами себя
patient,[ˈpeɪʃnt],пациент;терпеливый
team,[tiːm],группа
trick,[trɪk],хитрость
difference,[ˈdɪfrəns],различие;отличие
kindle,[ˈkɪn.dl̩],разжигать
pursue,[pəˈsjuː],преследовать;проводить;заниматься
snake,[sneɪk],змея;змеиный
blink,[blɪŋk],мигать;мигание
dick,[dɪk],дик
lone,[ləʊn],одинокий
mount,[maʊnt],устанавливать;взбираться;гора;крепление
security,[sɪˈkjʊərəti],безопасность
trail,[treɪl],след
whistle,[ˈwɪsl],свистеть;свист;свисток
fetch,[fetʃ],выбирать;выборка
proceed,[prəˈsiːd],продолжать;приступать
bit,[bɪt],кусать;сцепляться;бит;кусочек;битовый
bob,[bɒb],стричь;рывок;поплавок;боб
cap,[kæp],закрывать;колпачок
habit,[ˈhæbɪt],привычка
convince,[kənˈvɪns],убеждать
feature,[ˈfiːtʃə(r)],представлять;характеристика
fling,[flɪŋ],кидать;бросок
measure,[ˈmeʒə(r)],измерять;мера
peak,[piːk],пик;максимальный
fun,[fʌn],шутка;забавный
rear,[rɪə(r)],сооружать;задняя;сторона;задний
bother,[ˈbɒðə(r)],мешать;беспокойство
hate,[heɪt],ненавидеть;ненависть
operation,[ˌɒpəˈreɪʃn],действие;инф)операция;управление
spare,[speə(r)],беречь;щадить;жалеть;избавлять;запас;свободный
conscious,[ˈkɒnʃəs],сознательный
happiness,[ˈhæp.i.nəs],счастье
support,[səˈpɔːt],поддерживать;поддержка
trip,[trɪp],поездка
constant,[ˈkɒnstənt],константа;постоянный
keen,[kiːn],острый;стремящийся
lightning,[ˈlaɪt.nɪŋ],молния
strain,[streɪn],напрягать;напряжение
arrange,[əˈreɪndʒ],размещать
backward,[ˈbækwəd],назад;отсталый
clever,[ˈklevə(r)],умный
lane,[leɪn],дорожка;тропинка;переулок;авто);полоса движения
teacher,[ˈtiːtʃə(r)],учитель
vision,[ˈvɪʒn],зрение;вид
claim,[kleɪm],требовать;призываться;претензия;иск
laughter,[ˈlɑːf.tər],смех
loss,[lɒs],убыток;потеря
noble,[ˈnəʊ.bl̩],благородный
riddle,[ˈrɪd.l̩],загадка
vain,[veɪn],напрасный
dart,[dɑːt],вытачка;стрела
doom,[duːm],обрекать;судьба;погибель
evidence,[ˈevɪdəns],подтверждение
fierce,[fɪəs],свирепый
involve,[ɪnˈvɒlv],включать;связывать
king,[kɪŋ],король
pool,[puːl],пул
thunder,[ˈθʌn.dər],греметь;гром
test,[test],тестировать;тест
total,[ˈtəʊtl],составлять;итог;общий
joke,[dʒəʊk],шутить;шутка
peculiar,[pɪˈkjuː.li.ər],специфический;типичный
polite,[pəˈlaɪt],вежливый
cease,[siːs],прекращать
cruel,[ˈkruːəl],жестоко;жестокий
thoughtful,[ˈθɔːt.fəl],внимательный
definite,[ˈdefɪnət],определенный
legend,[ˈledʒ.ənd],легенда
sand,[sænd],песок
blame,[bleɪm],обвинять;вина
chin,[tʃɪn],подбородок
root,[ruːt],ботан)корень;корневой
engine,[ˈendʒɪn],двигатель;машинный
hesitate,[ˈhezɪteɪt],сомневаться
hungry,[ˈhʌŋɡri],голодный
neat,[niːt],хороший
pride,[praɪd],гордость
roger,[ˈrɒdʒ.ər],роджер
trot,[trɒt],рысить;рысь
ignore,[ɪɡˈnɔː(r)],игнорировать
interrupt,[ˌɪntəˈrʌpt],прерывать;прерывание
original,[əˈrɪdʒənl],подлинник;оригинальный;исходный
possess,[pəˈzes],обладать
stomach,[ˈstʌmək],желудок;желудочный
torch,[tɔːtʃ],факел;фонарь
whilst,[waɪl],пока
christmas,[ˈkrɪs.məs],рождество;рождественнский
lucky,[ˈlʌki],счастливый
nearest,[nɪər],ближайший
puzzle,[ˈpʌz.l̩],озадачивать;задача
spider,[ˈspaɪdə(r)],паук;паучий
temple,[ˈtem.pl̩],висок;храм
upper,[ˈʌpə(r)],верхний
baby,[ˈbeɪbi],младенец;детский
despite,[dɪˈspaɪt],несмотря на
scratch,[skrætʃ],царапать;царапина;временный
waste,[weɪst],тратить;отход;геол) пустая;порода
confidence,[ˈkɒnfɪdəns],доверие;уверенность
nigger,[ˈnɪɡ.ər],негр
seal,[siːl],заделывать;печать;тюлень
trap,[træp],перехватывать;ловушка;инф)прерывание
upstairs,[ˌʌpˈsteəz],наверх;наверху
curiosity,[ˌkjʊə.riˈɒs.ɪ.ti],любопытство
require,[rɪˈkwaɪə(r)],требовать
bark,[bɑːk],лаять;лай;кора
driver,[ˈdraɪvə(r)],водитель;инф)драйвер;драйверный
hasty,[ˈheɪ.sti],поспешный
innocent,[ˈɪnəsnt],невиновный
plant,[plɑːnt],устанавливать;завод;ботан)растение
treasure,[ˈtreʒ.ər],сокровище;ценный
universe,[ˈjuːnɪvɜːs],вселенная;мир
william,[-],вильям
alien,[ˈeɪ.li.ən],отчуждать;иностранец;чуждый
due,[djuː],точно;подлежащий;должный
heel,[hiːl],каблук;пятка
inquire,[ɪnˈkwaɪər],запрашивать
moonlight,[ˈmuːn.laɪt],лунный;свет
attend,[əˈtend],посещать
haunt,[hɔːnt],преследовать;обитать;призрак
steam,[stiːm],парить;пар
farther,[ˈfɑːðə(r)],далее
forbid,[fəˈbɪd],запрещать
mix,[mɪks],смешивать;смешивание;структура
print,[prɪnt],печатать;издавать;отпечаток;инф)распечатка
quality,[ˈkwɒləti],качество
armor,[ˈɑː.mər],броня
colonel,[ˈkɜː.nəl],полковник
diary,[ˈdaɪəri],дневник
hollow,[ˈhɒləʊ],долбить;дупло;полый;пустой
intend,[ɪnˈtend],предполагать;собираться;предназначаться
region,[ˈriːdʒən],регион;инф)область
swim,[swɪm],плавать;плавание;поплыть
upward,[ˈʌpwəd],вверх
wrist,[rɪst],запястье;ручной
hood,[hʊd],капот;капюшон
prevent,[prɪˈvent],предохранять;предотвращать;мешать;предотвращение
whenever,[wenˈevə(r)],всякий раз;когда
wolf,[wʊlf],волк
amount,[əˈmaʊnt],составлять;сумма;объем
anger,[ˈæŋɡə(r)],гнев
descend,[dɪˈsend],сходить
coach,[kəʊtʃ],тренировать;тренер;экипаж;вагон
credit,[ˈkredɪt],кредитовать;кредит;доверие;кредитный
invisible,[ɪnˈvɪz.ɪ.bl̩],невидимый
pant,[pænt],задыхаться;вздох
patch,[pætʃ],исправлять;корректор;воен)нашивка
sweat,[swet],потеть;пот
club,[klʌb],ударять;клуб
date,[deɪt],датировать;дата
excitement,[ɪkˈsaɪtmənt],возбуждение
heat,[hiːt],нагревать;тепло;жара
nerve,[nɜːv],нерв;нервный
bay,[beɪ],ставить в безвыходное положение;бухта;залив;панель
emerge,[iˈmɜːdʒ],возникать
everywhere,[ˈevriweə(r)],везде
fault,[fɔːlt],дефект;дефектный
fog,[fɒɡ],туман
separate,[ˈseprət],разделять;отдельный
stiff,[stɪf],негнущийся
truck,[trʌk],грузовик
exclaim,[ɪkˈskleɪm],восклицать
flicker,[ˈflɪk.ər],мерцать;мерцание
miserable,[ˈmɪz.ər.ə.bl̩],несчастный;жалкий
staff,[stɑːf],персонал
brave,[breɪv],смелый
crime,[kraɪm],преступление
existence,[ɪɡˈzɪstəns],существование
oblige,[əˈblaɪdʒ],обязывать
thrust,[θrʌst],толкать;тяга;толчок
wrap,[ræp],завертывать
poison,[ˈpɔɪzn],отравлять;яд
swallow,[ˈswɒləʊ],поглощать;глотать;ласточка
delicate,[ˈdelɪkət],деликатный;хрупкий
jaw,[dʒɔː],челюсть
meal,[miːl],еда
mental,[ˈmentl],умственный
vault,[vɒlt],перепрыгивать;хранилище;склеп
bedroom,[ˈbedruːm],спальня
current,[ˈkʌrənt],течение;элек)ток;текущий;современный
frequent,[ˈfriːkwənt],частый;распространенный
summon,[ˈsʌm.ən],вызывать;созывать
cook,[kʊk],готовить;повар;кук;поваренный
pace,[peɪs],темп;шаг
scrap,[skræp],выбрасывать;конфетти
color,[ˈkʌl.ər],окрашивать;цвет;цветной
gloom,[ɡluːm],мрак
okay,[ˌəʊˈkeɪ],окей
source,[sɔːs],источник;исходный
teach,[tiːtʃ],учить
conceal,[kənˈsiːl],скрывать
department,[dɪˈpɑːtmənt],отдел
instrument,[ˈɪnstrəmənt],инструмент;орудие;прибор;докм)документ
reflect,[rɪˈflekt],отражать
release,[rɪˈliːs],выпускать;выпуск;инф)версия
shade,[ʃeɪd],затенять;оттенок;тень;экран
signal,[ˈsɪɡnəl],сигнализировать;сигнал;сигнальный
suspicion,[səˈspɪʃn],подозрение
amaze,[əˈmeɪz],изумлять
latter,[ˈlætə(r)],последний
pardon,[ˈpɑː.dən],прощать;прощение
squeeze,[skwiːz],сжимать
violent,[ˈvaɪələnt],сильный
bye,[baɪ],пока
considerable,[kənˈsɪdərəbl],значительный
energy,[ˈenədʒi],энергия;энергетический
exchange,[ɪksˈtʃeɪndʒ],заменять;замена;обменивать;биржа;биржевой;инф)обмен;комм)станция
furious,[ˈfjʊə.ri.əs],взбешенный
madness,[ˈmæd.nəs],безумец
material,[məˈtɪəriəl],материал;вещество;данные;факты;материальный
mysterious,[mɪˈstɪəriəs],загадочный
surround,[səˈraʊnd],окружать
unhappy,[ʌnˈhæpi],неудачный;несчастливый
being,[ˈbiː.ɪŋ],быть;являться
gaze,[ɡeɪz],глядеть;пристально
gradual,[ˈɡrædʒuəl],постепенный
honest,[ˈɒnɪst],честный
mail,[meɪl],пересылать;почта
lodge,[lɒdʒ],домик
resolve,[rɪˈzɒlv],решать
situation,[ˌsɪtʃuˈeɪʃn],ситуация
army,[ˈɑːmi],армия;армейский
correct,[kəˈrekt],корректировать;правильно;правильный
heap,[hiːp],нагромождать;куча
immense,[ɪˈmens],огромный
local,[ˈləʊkl],локальный
barnacle,[ˈbɑː.nə.kl̩],прилипала
cling,[klɪŋ],цепляться
depth,[depθ],глубина;глубинный
handkerchief,[ˈhæŋ.kə.tʃiːf],платок
rapid,[ˈræpɪd],быстрый
stroke,[strəʊk],удар;штриховой
bang,[bæŋ],ударять;удар
list,[lɪst],указывать;список
pan,[pæn],промывать;инф)фото)панарамировать;сковорода;плавный
petunia,[pəˈtjuː.ni.ə],петуния
scatter,[ˈskæt.ər],разбрасывать;разброс;фрагментированный
scramble,[ˈskræm.bl̩],смешивать;бросаться;свалка
toss,[tɒs],подбрасывать;толчок
trade,[treɪd],торговать;торговля;торговый
traveller,[ˈtrævələ(r)],путешественник;дорожный
adventure,[ədˈventʃə(r)],рисковать;риск
clap,[klæp],хлопать
impatient,[ɪmˈpeɪʃnt],нетерпеливый
regular,[ˈreɡjələ(r)],регулярный
retire,[rɪˈtaɪə(r)],уходить в отставку
useful,[ˈjuːsfl],полезный
belt,[belt],ремень;лента;ленточный
brick,[brɪk],кирпич;брусок;кирпичный
forty,[ˈfɔːti],сорок;сорока
guy,[ɡaɪ],парень
intention,[ɪnˈtenʃn],намерение;стремление
monkey,[ˈmʌŋ.ki],обезьяна
nasty,[ˈnɑː.sti],противный
provide,[prəˈvaɪd],обеспечивать;предоставлять
assume,[əˈsjuːm],принимать
cigarette,[ˌsɪɡəˈret],сигарета;сигаретный
dollar,[ˈdɒlə(r)],доллар
groan,[ɡrəʊn],стонать;стон
inform,[ɪnˈfɔːm],сообщать;информировать
leader,[ˈliːdə(r)],лидер;начало
somewhat,[ˈsʌmwɒt],отчасти
dirty,[ˈdɜːti],грязный
elbow,[ˈelbəʊ],толкать;локоть
enormous,[ɪˈnɔːməs],огромный
monster,[ˈmɒn.stər],чудовище
recent,[ˈriːsnt],последний
shelter,[ˈʃeltə(r)],укрывать;защита
shift,[ʃɪft],перемещать;инф)сдвигать;перемещение;инф)сдвиг
stern,[stɜːn],твердый
supper,[ˈsʌp.ər],ужин
aloud,[əˈlaʊd],громко;вслух
damp,[dæmp],демпфировать;торможение;влажный;сырой
degree,[dɪˈɡriː],степень;градус;градусный
pink,[pɪŋk],розовый
relax,[rɪˈlæks],ослаблять;ослабевать;непринужденный
sooner,[suːn],раньше;скорее
younger,[jʌŋ],младший
fan,[fæn],раздувать;обмахивать;вентилятор;фанат
gas,[ɡæs],газ;газовый
temper,[ˈtem.pər],характер;настроение
cousin,[ˈkʌzn],кузен
famous,[ˈfeɪməs],знаменитый
leather,[ˈleðə(r)],кожа;кожанный
recover,[rɪˈkʌvə(r)],восстанавливать
regret,[rɪˈɡret],сожаление
satisfaction,[ˌsætɪsˈfækʃn],удовлетворение
sergeant,[ˈsɑː.dʒənt],сержант
smart,[smɑːt],умный
uneasy,[ʌnˈiː.zi],встревоженный
din,[dɪn],вдалбливать;грохот
fir,[ˈfɜːr],пихта;пихтовый
gesture,[ˈdʒes.tʃər],жест
previous,[ˈpriːviəs],предшествующий
pure,[pjʊə(r)],чистый
cabin,[ˈkæb.ɪn],кабина;хижина
moan,[məʊn],стонать;стон
pry,[praɪ],подглядывать;рычаг
winter,[ˈwɪntə(r)],зима;зимний
accident,[ˈæksɪdənt],авария;случайность;аварийный
alley,[ˈæl.i],аллея
endless,[ˈend.ləs],бесконечный
secure,[sɪˈkjʊə(r)],обеспечивать;закреплять;безопасный
telephone,[ˈtelɪfəʊn],комм)звонить;телефон;телефонный
earnest,[ˈɜː.nɪst],серьезный;задаток
flora,[ˈflɔː.rə],флора
flutter,[ˈflʌt.ər],развеваться;дрожание
frank,[fræŋk],откровенный
rare,[reə(r)],редкий
arise,[əˈraɪz],возникать
blade,[bleɪd],насаживать лопасть(лезвие);лопасть(лезвие)
despair,[dɪˈspeər],отчаяние
painful,[ˈpeɪnfl],болезненный
mum,[mʌm],мама
portrait,[ˈpɔː.trət],портрет;портретный
shame,[ʃeɪm],стыд;позор
skull,[skʌl],череп
solemn,[ˈsɒl.əm],торжественный
troll,[trəʊl],распевать;тролль
abyss,[əˈbɪs],пучина
blank,[blæŋk],пробел;бланк;чистый;пустой
brilliant,[ˈbrɪliənt],блестящий
hospital,[ˈhɒspɪtl],больница
passion,[ˈpæʃ.ən],страсть
paw,[pɔː],копать;лапа
sunset,[ˈsʌn.set],заход солнца
unfortunate,[ʌnˈfɔːtʃənət],неудачный
argue,[ˈɑːɡjuː],доказывать;спорить
display,[dɪˈspleɪ],отображать;показ;инф)дисплей;дисплейный
emotion,[ɪˈməʊʃn],чувство;волнение
infinite,[ˈɪn.fɪ.nət],бесконечный
rank,[ræŋk],ранжировать;ранг;ранговый
remote,[rɪˈməʊt],дистанционный
admire,[ədˈmaɪə(r)],восхищаться
contact,[ˈkɒntækt],обращаться к;контакт;контактный
curve,[kɜːv],изгибать;кривая
depart,[dɪˈpɑːt],уезжать
forever,[fərˈevə(r)],навсегда
hero,[ˈhɪərəʊ],герой
intelligence,[ɪnˈtelɪdʒəns],интеллект;воен)разведка
meanwhile,[ˈmiːnwaɪl],тем временем
ordinary,[ˈɔːdnri],обычный
peril,[ˈper.əl],риск
pony,[ˈpəʊ.ni],пони
risk,[rɪsk],рисковать;риск
shrug,[ʃrʌɡ],пожимать плечами;авто)дергаться
steep,[stiːp],крутой
switch,[swɪtʃ],переключать;выключать;ключ
chill,[tʃɪl],охлаждать;холод;простуда
extraordinary,[ɪkˈstrɔːdnri],поразительно;чрезвычайный
flesh,[fleʃ],плоть
imagination,[ɪˌmædʒɪˈneɪʃn],воображение
pin,[pɪn],прикалывать;штырек;штырьковый
pit,[pɪt],геол)шахта;косточка;яма
snarl,[snɑːl],рычать;рычание
yawn,[jɔːn],зевать
area,[ˈeəriə],область
balance,[ˈbæləns],балансировать;баланс;сбалансированный
declare,[dɪˈkleə(r)],объявлять;заявлять
witness,[ˈwɪtnəs],свидетельствовать;свидетель
advice,[ədˈvaɪs],совет;авизо;извещение
bowl,[bəʊl],чашка;кубок;унитаз
connection,[kəˈnekʃn],связь;соединение
demand,[dɪˈmɑːnd],требовать;требование;экон)спрос
fifteen,[ˌfɪfˈtiːn],пятнадцать;пятнадцати
relieve,[rɪˈliːv],облегчать;освобождать
tent,[tent],палатка
advantage,[ədˈvɑːntɪdʒ],преимущество;выгода
affection,[əˈfekʃn],любовь
bolt,[bəʊlt],скреплять;запирать;болт;удар
confuse,[kənˈfjuːz],спутывать
creak,[kriːk],скрипеть;скрип
deserve,[dɪˈzɜːv],заслуживать
nail,[neɪl],прибивать;гвоздь;ноготь
border,[ˈbɔːdə(r)],граничить;граница;край;граничный
cellar,[ˈsel.ər],подвал
footstep,[ˈfʊt.step],след;шаг
frightful,[ˈfraɪt.fəl],ужасный
jerk,[dʒɜːk],дергать;толчок
occupy,[ˈɒkjupaɪ],занимать
pet,[pet],баловать;домашнее;животное
reality,[riˈæləti],действительность
singular,[ˈsɪŋ.ɡjʊ.lər],единственный
succeed,[səkˈsiːd],получать;добиваться успеха;удаваться
survive,[səˈvaɪv],сохраняться;выживать
trouser,[ˈtraʊ.zər],брючный
tumble,[ˈtʌm.bl̩],обрушивать;падение
uniform,[ˈjuːnɪfɔːm],униформа;однородный;равномерный;единый
arch,[ɑːtʃ],свод;арка
crush,[krʌʃ],дробить;дробление
ease,[iːz],снижать;удобство
grateful,[ˈɡreɪtfl],благодарный
marsh,[mɑːʃ],болото;болотный
agent,[ˈeɪdʒənt],агент
custom,[ˈkʌstəm],обычай;потр)заказ;заказной
feast,[fiːst],праздник
fist,[fɪst],кулак
mass,[mæs],массировать;масса;месса;массовый
nameless,[ˈneɪm.ləs],безымянный
remarkable,[rɪˈmɑːkəbl],замечательно;замечательный
stamp,[stæmp],отмечать;марка;штамп;отметка
suspicious,[səˈspɪʃəs],подозрительный
insist,[ɪnˈsɪst],настаивать
marble,[ˈmɑː.bl̩],мрамор;мраморный
plane,[pleɪn],плоскость;самолет
plunge,[plʌndʒ],погружать;падение
refer,[rɪˈfɜː(r)],отсылать;ссылаться
unusual,[ʌnˈjuːʒuəl],необычный;необычно
bath,[bɑːθ],ванна
consciousness,[ˈkɒn.ʃəs.nəs],сознание
fate,[feɪt],судьба
hammer,[ˈhæmə(r)],заколачивать;молот
league,[liːɡ],лига;союз
mansion,[ˈmæn.ʃən],особняк
meat,[miːt],мясо;мясной
affect,[əˈfekt],влиять на
bench,[bentʃ],скамейка;верстак;станок
duke,[djuːk],герцог
grasp,[ɡrɑːsp],понимать;понимание;хватка
lantern,[ˈlæn.tən],фонарь
practical,[ˈpræktɪkl],практический
strip,[strɪp],удалять;полоса
weep,[wiːp],плакать
arrest,[əˈrest],останавливать;задержание
broom,[bruːm],метла
hark,[hɑːk],слушать
labour,[ˈleɪbə(r)],трудиться;труд;рабочий
limb,[lɪm],конечность
papa,[pəˈpɑː],папа
practice,[ˈpræktɪs],практиковать;практика
sensation,[senˈseɪ.ʃən],ощущение;сенсация
sin,[sɪn],грех
stride,[straɪd],шагать;большой;шаг
twilight,[ˈtwaɪ.laɪt],сумерки
buck,[bʌk],противодействовать;самец
center,[ˈsen.tər],центрировать;центр
discovery,[dɪˈskʌvəri],открытие;конт)страх)обнаружение
discuss,[dɪˈskʌs],обсуждать
pillar,[ˈpɪl.ər],колонна;столп
scale,[skeɪl],масштабировать;шкала;масштабный
startle,[ˈstɑː.tl̩],пугать;поражать
twin,[twɪn],двойной
whip,[wɪp],хлестать;взбивать;хлыст;кнут
acquaintance,[əˈkweɪn.təns],знакомство
false,[fɔːls],ложь;ложный
feather,[ˈfeðə(r)],перо
outer,[ˈaʊtə(r)],внешний
thumb,[θʌm],большой;палец;поворотный
urge,[ɜːdʒ],понуждать;убеждать
centre,[ˈsentə(r)],центрировать;центр;центральный
gloomy,[ˈɡluː.mi],мрачный
inquiry,[ɪnˈkwaɪə.ri],вопрос;запрос
nurse,[nɜːs],нянчить;сестра
prefer,[prɪˈfɜː(r)],предпочитать
sorrow,[ˈsɒr.əʊ],печаль;печальный
weird,[wɪəd],странный
astonish,[əˈstɒn.ɪʃ],удивлять
band,[bænd],связывать;полоса;оркестр;ленточный
brow,[braʊ],бровь
building,[ˈbɪldɪŋ],строить;инф)формировать;построение;здание;строительный
click,[klɪk],щелкать;щелчок
hush,[hʌʃ],успокаивать;тишина
jack,[dʒæk],джек;инф)гнездо;домкрат
palace,[ˈpæləs],дворец;дворцовый
palm,[pɑːm],ладонь;пальма
reflection,[rɪˈflek.ʃən],отражение
request,[rɪˈkwest],просить;инф)запрашивать;просьба;инф)запрос
sideway,[-],окольный;путь
slam,[slæm],захлопывать;хлопанье
sunlight,[ˈsʌn.laɪt],солнечный свет
unlike,[ˌʌnˈlaɪk],в отличие от
explanation,[ˌekspləˈneɪʃn],объяснение
farewell,[ˌfeəˈwel],прощание;прощальный
ham,[hæm],ветчина
health,[helθ],здоровье
limit,[ˈlɪmɪt],ограничивать;предел
uncomfortable,[ʌnˈkʌmftəbl],неудобный
accompany,[əˈkʌmpəni],сопровождать
citizen,[ˈsɪtɪzn],гражданин
deny,[dɪˈnaɪ],отвергать;отрицать
distinct,[dɪˈstɪŋkt],четкий
example,[ɪɡˈzɑːmpl],пример
grant,[ɡrɑːnt],предоставлять;дар;конт)предоставление;субсидия;стипендия
nearby,[ˌnɪəˈbaɪ],соседний
cell,[sel],ячейка;мед)клетка
extra,[ˈekstrə],дополнительный
lunch,[lʌntʃ],завтракать;ленч
platform,[ˈplætfɔːm],платформа
polish,[ˈpɒlɪʃ],шлифовать;отделка;польский
possession,[pəˈzeʃn],владение
stain,[steɪn],пятнать;пятно
suggestion,[səˈdʒestʃən],предложение
theory,[ˈθɪəri],теория
cage,[keɪdʒ],помещать в клетку;клетка
cart,[kɑːt],повозка
incline,[ɪnˈklaɪn],отклоняться
introduce,[ˌɪntrəˈdjuːs],вводить;представлять
mortal,[ˈmɔː.təl],смертельный
needle,[ˈniːdl],игла
nonsense,[ˈnɒnsns],бессмыслица
price,[praɪs],оценивать;цена
absence,[ˈæbsəns],отсутствие;отсутствующий
pen,[pen],сочинять;ручка;загон
social,[ˈsəʊʃl],общественный;социальный
stock,[stɒk],акция;запас;фондовый
sufficient,[səˈfɪʃnt],достаточный
faster,[fɑːst],быстрее;более быстрый
hello,[həˈləʊ],привет
hook,[hʊk],перехватывать;захват;рычажный
inner,[ˈɪnə(r)],внутренний
nightmare,[ˈnaɪt.meər],кошмар
process,[ˈprəʊses],обрабатывать;процесс
sparkler,[ˈspɑː.klər],шутиха
venture,[ˈventʃə(r)],осмеливаться;предприятие
basket,[ˈbɑː.skɪt],корзина
chap,[tʃæp],трещина
chimney,[ˈtʃɪm.ni],труба
lett,[-],латыш
link,[lɪŋk],связывать;связь;прес)ссылка
milk,[mɪlk],доить;молоко;молочный
persuade,[pəˈsweɪd],убеждать
similar,[ˈsɪmələ(r)],аналогичный;подобный
skill,[skɪl],умение
subtle,[ˈsʌt.əl],тонкий
sway,[sweɪ],"колебаться,отклоняться;колебание"
tread,[tred],идти;шаг
bold,[bəʊld],жирный шрифт;смелый
cake,[keɪk],спекаться;торт;кусок
carve,[kɑːv],резать
female,[ˈfiːmeɪl],самка;женщина;женский
physical,[ˈfɪzɪkl],медицинский;осмотр;физический
purple,[ˈpɜːpl],пурпурный
silk,[sɪlk],шелк;шелковый
stoop,[stuːp],наклонять
tick,[tɪk],тикать;метка
value,[ˈvæljuː],оценивать;величина;значение
bush,[bʊʃ],кустарник;буш
deliver,[dɪˈlɪvə(r)],доставлять
feeble,[ˈfiː.bl̩],хилый
gift,[ɡɪft],дар (подарок);артс)талант
hey,[heɪ],эй
pattern,[ˈpætn],формировать;образец
realm,[relm],область
represent,[ˌreprɪˈzent],представлять
seldom,[ˈsel.dəm],редко
smaller,[smɔːl],меньше;меньший
thorough,[ˈθʌrə],тщательный
base,[beɪs],базировать;база;базовый
demon,[ˈdiː.mən],демон
fragment,[ˈfræɡ.mənt],фрагментировать;фрагмент
gay,[ɡeɪ],веселый
mood,[muːd],настроение
preserve,[prɪˈzɜːv],сохранять
tender,[ˈten.dər],предлагать;предложение;нежный;тендерный
unable,[ʌnˈeɪbl],не в состоянии
unconscious,[ʌnˈkɒnʃəs],бессознательный
abandon,[əˈbændən],покидать;отказываться от
distress,[-],беспокоить;авария;огорчение
ere,[eər],перед;прежде чем
spite,[spaɪt],злость
french,[frentʃ],французский;по-французски;франко
perceive,[pəˈsiːv],воспринимать
property,[ˈprɒpəti],собственность;свойство
statue,[ˈstætʃuː],статуя
toe,[təʊ],палец ноги
cost,[kɒst],стоить;стоимость
cottage,[ˈkɒtɪdʒ],коттедж;домашний
develop,[dɪˈveləp],разрабатывать;разработка;фото)проявлять
individual,[ˌɪndɪˈvɪdʒuəl],личность;индивидуальный
intent,[ɪnˈtent],намерение;пристальный
scholar,[ˈskɒl.ər],ученый
tide,[taɪd],прилив и отлив;поток;течение
barrel,[ˈbær.əl],бочка;баррель;барабанный
bundle,[ˈbʌn.dl̩],связывать в узел;пучок
partner,[ˈpɑːtnə(r)],партнер
photograph,[ˈfəʊtəɡrɑːf],фотографировать;фотография
pierce,[pɪəs],прокалывать
scent,[sent],аромат;запах;духи
daylight,[ˈdeɪ.laɪt],дневной;свет
official,[əˈfɪʃl],чиновник;официальный
propose,[prəˈpəʊz],предлагать;предложение
relation,[rɪˈleɪʃn],отношение
sensible,[ˈsensəbl],значительный
terrify,[ˈter.ə.faɪ],ужасать
threaten,[ˈθretn],угрожать
ash,[æʃ],зола;пепел;ясень
chase,[tʃeɪs],гнаться;погоня
eyebrow,[ˈaɪ.braʊ],бровь
fruit,[fruːt],плод;фрукт;фруктовый
grief,[ɡriːf],горе
market,[ˈmɑːkɪt],экон)реализовать;рынок;рыночный
mask,[mɑːsk],маскировать;маска
melt,[melt],плавить;таять;плавка
midst,[mɪdst],среди
player,[ˈpleɪə(r)],игрок
restore,[rɪˈstɔː(r)],восстанавливать;восстановление
rouse,[raʊz],будить
sleeve,[sliːv],рукав
tomb,[tuːm],могила
yield,[jiːld],давать;уступать;сдаваться;продукт
bore,[bɔː(r)],сверлить;бурить;надоедать;отверстие;зануда
collar,[ˈkɒl.ər],воротник
consequence,[ˈkɒnsɪkwəns],последствие;последовательность
foreign,[ˈfɒrən],иностранный
greet,[ɡriːt],приветствовать
range,[reɪndʒ],колебаться;дипазон;область
rescue,[ˈreskjuː],спасать;освобождение
champion,[ˈtʃæm.pi.ən],чемпион
depend,[dɪˈpend],зависеть
drown,[draʊn],тонуть
eventual,[ɪˈven.tju.əl],возможный
filch,[fɪltʃ],стащить
foul,[faʊl],грязный;бесчестный
goodness,[ˈɡʊd.nəs],хорошее;качество
holiday,[ˈhɒlədeɪ],праздник
loom,[luːm],виднеться;надвигаться;ткацкий;станок
mill,[mɪl],молоть;фрезеровать;фабрика;мельница
potion,[ˈpəʊ.ʃən],зелье
score,[skɔː(r)],оценивать;засчитываться;оценка;счет;метка
success,[səkˈses],успех
wink,[wɪŋk],мигать;миг
announce,[əˈnaʊns],заявлять
arrangement,[əˈreɪndʒmənt],размещение
article,[ˈɑːtɪkl],прес)статья
attach,[əˈtætʃ],подключать;прилагать
blush,[blʌʃ],краснеть
cautious,[ˈkɔː.ʃəs],осторожный
favour,[ˈfeɪvə(r)],польза
hug,[hʌɡ],обнимать;объятие
newspaper,[ˈnjuːzpeɪpə(r)],граф)газета;газетный
royal,[ˈrɔɪəl],королевский
wherever,[weərˈevə(r)],где бы ни;где бы (куда бы)
wretch,[retʃ],несчастный
clue,[kluː],ключ
dash,[dæʃ],бросаться;бросок
extend,[ɪkˈstend],расширять;распространять;расширенный
faithful,[ˈfeɪθfl],верный
kingdom,[ˈkɪŋ.dəm],королевство
profound,[prəˈfaʊnd],глубокий
resume,[rɪˈzjuːm],продолжать;резюме;итоговый
shove,[ʃʌv],толкать
conduct,[kənˈdʌkt],проводить;поведение
noon,[nuːn],полдень
president,[ˈprezɪdənt],президент
shed,[ʃed],распространять
shell,[ʃel],оболочка
sunday,[ˈsʌndeɪ],воскресенье;воскресный;в воскресенье
agree,[əˈɡriː],соглашаться;договариваться;согласовывать
angle,[ˈæŋɡl],угол
auditor,[ˈɔː.dɪt.ər],аудитор;аудиторский
disguise,[dɪsˈɡaɪz],маскировать;маскировка
eleven,[ɪˈlevn],одиннадцать;одиннадцати
perform,[pəˈfɔːm],выполнять
coin,[kɔɪn],монета
darling,[ˈdɑː.lɪŋ],дорогой
drawer,[drɔː(r)],трассант;секция;ящик
liberty,[ˈlɪb.ə.ti],свобода;свободный
lurk,[lɜːk],притаиться
positive,[ˈpɒzətɪv],положительный
resist,[rɪˈzɪst],сопротивляться;противостоять
reward,[rɪˈwɔːd],награждать;вознаграждение
belief,[bɪˈliːf],убеждение
coffin,[ˈkɒf.ɪn],гроб
courage,[ˈkʌrɪdʒ],смелость
dimension,[ˌdaɪˈmen.ʃən],измерение
grandfather,[ˈɡrænfɑːðə(r)],дед
librarian,[laɪˈbreə.ri.ən],библиотекарь
swear,[sweə(r)],присягать;клясться;ругаться
tin,[tɪn],лудить;банка;олово;жесть;жестяной
urgent,[ˈɜːdʒənt],неотложный
valentine,[ˈvæl.ən.taɪn],валентин
bid,[bɪd],предлагать;приказывать;предложение;попытка;тендерный
bunch,[bʌntʃ],связка;пучок;группа
flood,[flʌd],затоплять;наводнение
hearty,[ˈhɑː.ti],искренний
heave,[hiːv],бросать;вздыматься;рвать;бросок
lack,[læk],недоставать;недостаток;отсутствие
lid,[lɪd],крышка
mud,[mʌd],грязь
snatch,[snætʃ],хватать
stare,[steə(r)],смотреть;пристально
thread,[θred],заправлять;резьба;нить
widow,[ˈwɪd.əʊ],вдова
afford,[əˈfɔːd],предоставлять;позволить себе
butter,[ˈbʌtə(r)],масло
comrade,[ˈkɒm.reɪd],товарищ
instance,[ˈɪnstəns],пример
outline,[ˈaʊtlaɪn],очерчивать;схема;эскиз;структурированный
parchment,[ˈpɑːtʃ.mənt],пергамент;пергаментный
wire,[ˈwaɪə(r)],телеграфировать;провод;проводной
envelope,[ˈenvələʊp],докм)конверт;групповой
foolish,[ˈfuː.lɪʃ],глупый
harder,[hɑːd],труднее;тверже;более упорно;более трудный
incredible,[ɪnˈkred.ɪ.bl̩],невероятный
modern,[ˈmɒdn],современный
ponder,[ˈpɒn.dər],обдумывать
praise,[preɪz],хвалить;похвала
reference,[ˈrefrəns],ссылаться;ссылка
rob,[rɒb],грабить;роб
supreme,[suːˈpriːm],высший;верховный
aim,[eɪm],стремиться;цель
grace,[ɡreɪs],грация
knight,[naɪt],рыцарь
panic,[ˈpæn.ɪk],паниковать;паника
bomb,[bɒm],бомбить;бомба;бомбовый
counsel,[ˈkaʊn.səl],рекомендовать;совещание
dislike,[dɪsˈlaɪk],испытывать;неприязнь к;антипатия
glove,[ɡlʌv],перчатка
lap,[læp],колено;круг
sinister,[ˈsɪn.ɪ.stər],зловещий
stagger,[ˈstæɡ.ər],потрясать;шататься
symbol,[ˈsɪmbl],символ;символьный
bigger,[bɪɡ],больше;больший
burden,[ˈbɜː.dən],перегружать;бремя;ноша
collect,[kəˈlekt],собирать
fourth,[fɔːθ],четвертый
grip,[ɡrɪp],захватывать;зажим;чемодан
ladder,[ˈlæd.ər],лестница;цепная схема
pitch,[pɪtʃ],бросать;шаг
pot,[pɒt],горшок
protect,[prəˈtekt],защищать;защита
reluctant,[rɪˈlʌk.tənt],сопротивляющийся
unit,[ˈjuːnɪt],устройство;подразделение (воен)
abroad,[əˈbrɔːd],за границей
bat,[bæt],бить;дубинка;командный файл;летучая мышь
capture,[ˈkæptʃə(r)],захватывать;сбор
downstairs,[ˌdaʊnˈsteəz],внизу
freedom,[ˈfriːdəm],свобода
importance,[ɪmˈpɔːtns],значение
inn,[ɪn],гостиница
invite,[ɪnˈvaɪt],приглашать
jordan,[-],иордания;иорданский
massive,[ˈmæsɪv],огромный
wit,[wɪt],ум
amongst,[əˈmʌŋ],среди
concentrate,[ˈkɒnsntreɪt],концентрировать
consideration,[kənˌsɪdəˈreɪʃn],соображение
crazy,[ˈkreɪzi],сумашедший
helmet,[ˈhel.mət],каска
linger,[ˈlɪŋ.ɡər],задерживаться
messenger,[ˈmes.ɪn.dʒər],посыльный
mock,[mɒk],высмеивать;фиктивный
safety,[ˈseɪfti],безопасность;безопасный
triumph,[ˈtraɪ.əmf],торжествовать;триумф
wisdom,[ˈwɪz.dəm],мудрость
american,[əˈmer.ɪ.kən],американец;американский;америко
chocolate,[ˈtʃɒklət],шоколад;шоколадный
cluster,[ˈklʌs.tər],окружать;группа;кластерный
jacket,[ˈdʒækɪt],куртка;суперобложка;конверт
rage,[reɪdʒ],бушевать;ярость
reef,[riːf],риф
sofa,[ˈsəʊ.fə],диван
basil,[ˈbæz.əl],базилик
compliment,[ˈkɒm.plɪ.mənt],приветствовать;комплимент
fascinate,[ˈfæs.ɪ.neɪt],увлекать
ghoul,[ɡuːl],вампир
hoarse,[hɔːs],хриплый
improve,[ɪmˈpruːv],улучшать
log,[lɒɡ],регистрировать;бревно;регистрация;инф)протокол;журнал;регистрационный
peter,[ˈpiː.tə],питер
skirt,[skɜːt],юбка
slay,[sleɪ],убивать
sum,[sʌm],суммировать;сумма;итог
supple,[ˈsʌp.l̩],гибкий
swell,[swel],распухать
agreeable,[əˈɡriː.ə.bl̩],приемлемый;отвечающий
apple,[ˈæpl],яблоко;инф)И)эппл;яблочный
confusion,[kənˈfjuːʒn],неразбериха
device,[dɪˈvaɪs],устройство
devote,[dɪˈvəʊt],посвящать себя
downward,[ˈdaʊnwəd],вниз;спад
fleet,[fliːt],флот
frame,[freɪm],фрейм;фреймовый
overhead,[ˈəʊ.və.hed],наверху;подвесной;потеря
pop,[pɒp],выталкивать
split,[splɪt],разделять;разделение;разделенный
stroll,[strəʊl],бродить;прогуливаться
assemble,[əˈsem.bl̩],собирать;монтировать
beer,[bɪə(r)],пиво
boil,[bɔɪl],кипятить;кипеть;варить;фурункул
boom,[buːm],грохотать;процветать;расти;бум;грохот;подъем;шумный
complain,[kəmˈpleɪn],жаловаться
delay,[dɪˈleɪ],задерживать;задержка
edward,[-],эдвард
flap,[flæp],развеваться;взмах
focus,[ˈfəʊkəs],фокусировать;фокус
fond,[fɒnd],любящий
jewel,[ˈdʒuː.əl],драгоценность;драгоценный камень
panel,[ˈpænl],обшивать;панель;панельный
prince,[prɪns],принц;князь
shawn,[-],шон
sleepy,[ˈsliː.pi],сонный
tug,[tʌɡ],буксировать;буксир
amuse,[əˈmjuːz],забавлять
ankh,[-],крест
carpet,[ˈkɑːpɪt],ковер
confess,[kənˈfes],признавать
counter,[ˈkaʊntə(r)],счетчик;прилавок;встречный
glint,[ɡlɪnt],блестеть;блеск
government,[ˈɡʌvənmənt],союз)правительство;инф)руководство;государственный;правительственный
impress,[ɪmˈpres],производить впечатление
relate,[-],связывать
ridge,[rɪdʒ],гребень
specter,[ˈspek.tər],призрак
squeak,[skwiːk],скрипеть;скрип
suck,[sʌk],сосать
tuck,[tʌk],подоткнуть;вытачка
description,[dɪˈskrɪpʃn],описание
hunter,[ˈhʌn.tər],охотник
irish,[ˈaɪə.rɪʃ],ирландский
mild,[maɪld],мягкий
mistress,[ˈmɪs.trəs],госпожа
permit,[pəˈmɪt],разрешать;разрешение
protest,[ˈprəʊtest],протестовать против;протестовать;протест
ticket,[ˈtɪkɪt],билет;удостоверение
unlock,[ʌnˈlɒk],деблокировать
disappoint,[ˌdɪsəˈpɔɪnt],разочаровывать
gang,[ɡæŋ],комплект;галетный
issue,[ˈɪʃuː],выпускать;передавать;передача;прес)выпуск
obtain,[əbˈteɪn],получать
oil,[ɔɪl],смазывать;нефть;авто)артс)масло;масляный;нефтяной
progress,[ˈprəʊɡres],развиваться;прогресс
rumble,[ˈrʌm.bl̩],громыхать;грохот
sniff,[snɪf],нюхать;шмыгать
glide,[ɡlaɪd],скользить;планировать
lest,[lest],если
obscure,[əbˈskjʊər],затемнять;затемненный
veil,[veɪl],вуалировать;вуаль
amidst,[əˈmɪd],среди
artist,[ˈɑːtɪst],артс)художник
camera,[ˈkæmərə],камера
cheap,[tʃiːp],дешевый
disgust,[dɪsˈɡʌst],вызывать отвращение;отвращение
flush,[flʌʃ],сбрасывать;промывать;краска
friendship,[ˈfrendʃɪp],дружба
parlour,[ˈpɑː.lər],гостиная
sailor,[ˈseɪlə(r)],моряк
sheer,[ʃɪər],чистый;абсолютный
specimen,[ˈspes.ə.mɪn],образец;типовой
ashamed,[əˈʃeɪmd],стыдно
axe,[æks],топор
brood,[bruːd],выводок
conclusion,[kənˈkluːʒn],вывод
ink,[ɪŋk],чернила;артс)краска;чернильный
mumble,[ˈmʌm.bl̩],бормотать;бормотание
owner,[ˈəʊnə(r)],владелец
pie,[paɪ],пирог
quiver,[ˈkwɪv.ər],дрожать;колчан
ankle,[ˈæŋkl],щиколотка
anymore,[ˌen.iˈmɔːr],больше
bubble,[ˈbʌbl],пузырь;пузырьковый
clerk,[klɑːk],клерк
idle,[ˈaɪ.dl̩],ожидание;холостой;праздный;ленивый
interval,[ˈɪntəvl],интервал
muscle,[ˈmʌsl],мускул;мышца
pressure,[ˈpreʃə(r)],давление
radio,[ˈreɪdiəʊ],радио
ray,[reɪ],луч;рэй
spear,[spɪər],пронзать;копье
unpleasant,[ʌnˈpleznt],неприятный
cavern,[ˈkæv.ən],пещера
darken,[ˈdɑː.kən],темнеть
decision,[dɪˈsɪʒn],решение
fence,[fens],огораживать;фехтовать;ограждение
harsh,[hɑːʃ],жесткий
instruction,[ɪnˈstrʌkʃn],инструкция;команда
limp,[lɪmp],хромать
possibility,[ˌpɒsəˈbɪləti],возможность
spectacle,[ˈspek.tɪ.kl̩],зрелище
torture,[ˈtɔː.tʃər],пытать;пытка
victim,[ˈvɪktɪm],жертва
arrival,[əˈraɪvl],прибытие;поступление
broomstick,[ˈbruːm.stɪk],метла
clasp,[klɑːsp],прижимать;застегиваться;застежка;пожатие
encourage,[ɪnˈkʌrɪdʒ],способствовать;содействовать;поощрительный
exercise,[ˈeksəsaɪz],осуществлять;упражнение
favourite,[ˈfeɪvərɪt],любимый
ocean,[ˈəʊʃn],океан;океанский
punch,[pʌntʃ],перфорировать;перфоратор
render,[ˈren.dər],предоставлять
rip,[rɪp],разрывать
sack,[sæk],ссыпать;грабить;мешок;грабеж
whirl,[wɜːl],кружить
wick,[wɪk],фитиль
attract,[əˈtrækt],привлекать
bleed,[bliːd],кровоточить
ernest,[-],эрнест
fright,[fraɪt],испуг
heal,[hiːl],излечивать;заживать
kindness,[ˈkaɪndnəs],доброта
net,[net],сеть;нетто;чистый
oxford,[ˈɒks.fəd],оксфорд
patrician,[pəˈtrɪʃ.ən],патриций
science,[ˈsaɪəns],наука
style,[staɪl],стиль
sweeper,[ˈswiː.pər],подметальщик
audience,[ˈɔːdiəns],аудитория;публика;аудиенция
clad,[klæd],одевать;одетый
gigantic,[ˌdʒaɪˈɡæn.tɪk],гигантский
lawn,[lɔːn],газон
professional,[prəˈfeʃənl],профессионал;профессиональный
unexpected,[ˌʌnɪkˈspektɪd],неожиданный
university,[ˌjuːnɪˈvɜːsəti],университет;университетский
violet,[ˈvaɪə.lət],фиалка;фиолетовый
awkward,[ˈɔːkwəd],неудобный
buzz,[bʌz],жужжать
cough,[kɒf],кашлять;кашель
dish,[dɪʃ],подавать;блюдо
fang,[fæŋ],клык
muffle,[ˈmʌf.l̩],закутывать;глушить
pillow,[ˈpɪl.əʊ],подушка
shield,[ʃiːld],элек)экранировать;защищать;экран
slave,[sleɪv],раб;дублирующий
alas,[əˈlæs],увы
breeze,[briːz],бриз
drip,[drɪp],капать
exhaust,[ɪɡˈzɔːst],исчерпывать;выхлоп;выпускной;выхлопной
hover,[ˈhɒv.ər],реять;колебаться
quest,[kwest],поиски
severe,[sɪˈvɪə(r)],серьезный
tend,[tend],иметь тенденцию;стремиться
anxiety,[æŋˈzaɪəti],беспокойство
appeal,[əˈpiːl],юрид)апеллировать;обращаться;апелляция
astonishment,[əˈstɒn.ɪʃ.mənt],удивление
cable,[ˈkeɪbl],телеграфировать;кабель;телеграмма;кабельный
consult,[kənˈsʌlt],обращаться к;инф)получать
drum,[drʌm],барабанить;барабан
electric,[ɪˈlektrɪk],электрический
haul,[hɔːl],тянуть;транспортировка;связь
knot,[nɒt],завязывать узлом;узел
proof,[pruːf],доказательство;устойчивый
relative,[ˈrelətɪv],относительный
reserve,[rɪˈzɜːv],резервировать;резерв;резервный
sentence,[ˈsentəns],предложение;приговор
spark,[spɑːk],искра
tray,[treɪ],поддон
aspect,[ˈæspekt],аспект
bathroom,[ˈbɑːθruːm],ванная
column,[ˈkɒləm],колонна;инф)прог)столбец
eastern,[ˈiːstən],восточный
encounter,[ɪnˈkaʊntə(r)],встречать
farm,[fɑːm],заниматься фермерством;ферма;сельскохозяйственный
justice,[ˈdʒʌstɪs],законность;судья
menace,[ˈmen.ɪs],угрожать;угроза
monk,[mʌŋk],монах
northern,[ˈnɔːðən],северный
raft,[rɑːft],плот
blackness,[ˈblæk.nəs],чернота
blanket,[ˈblæŋ.kɪt],одеяло;покров;комплексный
casual,[ˈkæʒ.ju.əl],случайный
crumble,[ˈkrʌm.bl̩],распадаться
eastward,[ˈiːst.wəd],к востоку;восточный
project,[ˈprɒdʒekt],планировать;выступать;проект
tangle,[ˈtæŋ.ɡl̩],запутывать
thou,[ðaʊ],хотя
alter,[ˈɔːltə(r)],изменять
behold,[bɪˈhəʊld],созерцать
corpse,[kɔːps],труп
damage,[ˈdæmɪdʒ],повреждать;ущерб;возмещение убытков;аварийный
duck,[dʌk],нагибаться;утка
fork,[fɔːk],вилка
furniture,[ˈfɜːnɪtʃə(r)],мебель;обстановка
heir,[eər],наследник
hopeful,[ˈhəʊp.fəl],многообещающий
orange,[ˈɒrɪndʒ],апельсин;апельсиновый
peep,[piːp],подглядывать
per,[pə(r)],за;на;в
port,[pɔːt],переносить;порт
puff,[pʌf],пуховка
purchase,[ˈpɜːtʃəs],приобретать;приобретение
splendid,[ˈsplen.dɪd],великолепный
worthy,[ˈwɜː.ði],достойный
birthday,[ˈbɜːθdeɪ],день рождения
faith,[feɪθ],вера
hasten,[ˈheɪ.sən],торопиться
military,[ˈmɪlətri],воен)военный
morrow,[ˈmɒr.əʊ],завтра
notion,[ˈnəʊ.ʃən],понятие
pig,[pɪɡ],свинья
prospect,[ˈprɒspekt],искать;перспектива
saturday,[ˈsætədeɪ],суббота;субботний;в субботу
sip,[sɪp],глоток
straighten,[ˈstreɪ.tən],выпрямлять
uncertain,[ʌnˈsɜːtn],неопределенный
upright,[ˈʌp.raɪt],прямой
betray,[bɪˈtreɪ],предавать
breathe,[briːð],дышать
communication,[kəˌmjuːnɪˈkeɪʃn],связь
crystal,[ˈkrɪs.təl],кристалл;кристаллический
embrace,[ɪmˈbreɪs],охватывать (обнимать);заключать;объятие
fortunate,[ˈfɔː.tʃən.ət],удачный
grippe,[-],грипп
gulf,[ɡʌlf],залив
powder,[ˈpaʊdə(r)],пудрить;порошок;пудра;порох;порошковый
rail,[reɪl],бранить;шина;железнодорожный
rustle,[rʌsl̩],шелестеть;шелест;шорох
unicorn,[ˈjuː.nɪ.kɔːn],единорог
wail,[weɪl],вопить;вопль
argument,[ˈɑːɡjumənt],аргумент
clatter,[ˈklæt.ər],цокать;цокот
grotesque,[ɡrəʊˈtesk],абсурдный
grunt,[ɡrʌnt],хрюкать;хрюкание
haste,[heɪst],опрометчивость
keeper,[ˈkiː.pər],хранитель
lover,[ˈlʌvə(r)],любовник
pavement,[ˈpeɪv.mənt],тротуар
pine,[paɪn],сосна
research,[rɪˈsɜːtʃ],исследовать;исследование;научно-исследовательский
associate,[əˈsəʊʃieɪt],соединять;ассоциировать;коллега
bed,[bed],постель;постельный;кровать;геол)пласт
delightful,[dɪˈlaɪt.fəl],прелестный
explore,[ɪkˈsplɔː(r)],изучать
flag,[flæɡ],сигнализировать;флаг
marvel,[ˈmɑː.vəl],дивиться;чудо
pursuit,[pəˈsjuːt],поиск
savage,[ˈsæv.ɪdʒ],дикарь;дикий;жестокий
section,[ˈsekʃn],секция;раздел
tense,[tens],напрягать;время;напряженный
tremendous,[trɪˈmen.dəs],огромный
upset,[ʌpˈset],нарушать
advise,[ədˈvaɪz],сообщать;совет;обдуманный
cream,[kriːm],сливки;крем;сливочный
dot,[dɒt],ставить точку;точка;точечный
drug,[drʌɡ],лекарство
fury,[ˈfjʊə.ri],ярость
gracious,[ˈɡreɪ.ʃəs],любезный
helm,[helm],руль
kitty,[ˈkɪ.ti],котенок
male,[meɪl],самец;мужской
mistaken,[mɪˈsteɪkən],ошибаться;ошибочный
nay,[neɪ],нет
retreat,[rɪˈtriːt],отступать;отступление
rim,[rɪm],обод
survey,[ˈsɜːveɪ],осматривать;обследование;обзор;астр)съемка
traffic,[ˈtræfɪk],движение;трафик
ultimate,[ˈʌltɪmət],окончательный
unseen,[ʌnˈsiːn],невидимый
western,[ˈwestən],западный
bounce,[baʊns],прыгать;скачок;рикошет;упругость
commit,[kəˈmɪt],совершать
criminal,[ˈkrɪmɪnl],преступник;уголовный
div,[dɪv],деление
doubtful,[ˈdaʊt.fəl],сомнительный
dungeon,[ˈdʌn.dʒən],темница
dusk,[dʌsk],сумерки
eagle,[ˈiː.ɡl̩],орел
invent,[ɪnˈvent],изобретать
lick,[lɪk],лизать
nevertheless,[ˌnevəðəˈles],тем не менее
observation,[ˌɒbzəˈveɪʃn],наблюдение;замечание
september,[sepˈtembə(r)],сентябрь;сентябрьский
stony,[ˈstəʊ.ni],каменный
title,[ˈtaɪtl],называть;название;титул;право
vein,[veɪn],вена
amid,[əˈmɪd],среди
bug,[bʌɡ],жук;инф)дефект
cupboard,[ˈkʌbəd],шкаф
humble,[ˈhʌm.bl̩],скромный
minister,[ˈmɪnɪstə(r)],министр;священник
mound,[maʊnd],бугор;могильный холм
native,[ˈneɪ.tɪv],исконный
respectable,[rɪˈspek.tə.bl̩],приличный;порядочный
sneak,[sniːk],красться;внезапный
tough,[tʌf],жесткий
birth,[bɜːθ],рождение
crook,[krʊk],сгиб
dusty,[ˈdʌs.ti],пыльный
fantastic,[fænˈtæs.tɪk],фантастический
glory,[ˈɡlɔː.ri],слава
non,[nɒn-],не
slice,[slaɪs],вырезать;вырезка
soar,[sɔːr],повышаться;полет
underground,[ˌʌndəˈɡraʊnd],метрополитен;подземный кабель;подземный
volume,[ˈvɒljuːm],объем;том
wobbler,[-],ненадежный человек
abrupt,[əˈbrʌpt],внезапный;крутой
bosom,[ˈbʊz.əm],грудь
central,[ˈsentrəl],центральный
distinguish,[dɪˈstɪŋɡwɪʃ],различать;отличать
divide,[dɪˈvaɪd],делить
glare,[ɡleər],фото)сверкать;блик
grope,[ɡrəʊp],нащупывать
mom,[mɒm],мама
ridiculous,[rɪˈdɪkjələs],нелепый
shelve,[ʃelv],складывать на полку
sneer,[snɪər],насмехаться;издеваться;насмешка;усмешка
twinkle,[ˈtwɪŋ.kl̩],мерцает;мерцание
deck,[dek],украшать;палуба;дек
drain,[dreɪn],осушать;утечка
hedge,[hedʒ],ограждать;хедж;живая изгородь
indicate,[ˈɪndɪkeɪt],указывать;указание
misty,[ˈmɪs.ti],туманный
obey,[əˈbeɪ],подчиняться
rabbit,[ˈræb.ɪt],кролик
scarlet,[ˈskɑː.lət],алый
screw,[skruː],завинчивать;винт;винтовой
slap,[slæp],шлепать;шлепок
splash,[splæʃ],плескать;плеск
toast,[təʊst],тост
undoubted,[ʌnˈdaʊ.tɪd],бесспорный
wed,[wed],#ср
accustom,[əˈkʌs.təm],приучать
bulge,[bʌldʒ],раздуваться;выпуклость
collapse,[kəˈlæps],рушиться;крах
expose,[ɪkˈspəʊz],подвергать
generation,[ˌdʒenəˈreɪʃn],поколение;генерация
horizon,[həˈraɪ.zən],горизонт
perch,[pɜːtʃ],сидеть;окунь;насест
stout,[staʊt],толстяк;толстый;полный
await,[əˈweɪt],ожидать
endure,[ɪnˈdjʊər],выносить;длиться
explode,[ɪkˈspləʊd],взрывать
lend,[lend],предоставлять;ссуда
poke,[pəʊk],протыкать;тычок
protection,[prəˈtekʃn],защита
rot,[rɒt],гнить;порча
shuffle,[ˈʃʌf.l̩],перемещать
sport,[spɔːt],носить;спорт
stun,[stʌn],оглушать;ошеломлять
twitch,[twɪtʃ],дергать;подергивание
brass,[brɑːs],медь;медный
compare,[kəmˈpeə(r)],сравнивать;сравнение
elsewhere,[ˌelsˈweə(r)],где-нибудь еще
ireland,[-],ирландия
jar,[dʒɑːr],банка
lore,[lɔːr],знание
major,[ˈmeɪdʒə(r)],специализироваться;майор;мажор;основной;крупный;мажорный
nostril,[ˈnɒs.trəl],ноздря
oak,[əʊk],дуб;дубовый
reasonable,[ˈriːznəbl],разумный
sacrifice,[ˈsæk.rɪ.faɪs],жертвовать;жертва
trial,[ˈtraɪəl],испытание;суд;опытный
bee,[biː],пчела;пчелиный
dublin,[-],дублин
fearful,[ˈfɪə.fəl],страшный
intense,[ɪnˈtens],интенсивный
merchant,[ˈmɜː.tʃənt],торговец;коммерческий
nowhere,[ˈnəʊweə(r)],нигде;никуда
repair,[rɪˈpeə(r)],исправлять;ремонт
troop,[truːp],отряд;войсковой
extent,[ɪkˈstent],протяженность;степень
funeral,[ˈfjuːnərəl],похороны
grove,[ɡrəʊv],роща
highest,[-],самый верхний
item,[ˈaɪtəm],пункт
leaf,[liːf],лист
useless,[ˈjuːsləs],бесполезный
utmost,[ˈʌt.məʊst],крайний
admiration,[ˌædməˈreɪʃn],восхищение
background,[ˈbækɡraʊnd],фон
data,[ˈdeɪtə],инф) данные
hut,[hʌt],хижина
neighbourhood,[ˈneɪbəhʊd],окрестность
precise,[prɪˈsaɪs],точный
recollect,[ˌrek.əˈlekt],вспоминать
response,[rɪˈspɒns],ответ
shelf,[ʃelf],полка
warmth,[wɔːmθ],тепло
weakness,[ˈwiːknəs],слабость
weigh,[weɪ],взвешивать;весить
badge,[bædʒ],символ
blur,[blɜːr],смазывать
borrow,[ˈbɒrəʊ],заимствовать;заем
capable,[ˈkeɪpəbl],способный
jet,[dʒet],самолет;струя;реактивный
mankind,[mænˈkaɪnd],человечество
prompt,[prɒmpt],подсказывать;подсказка;инф)приглашение;быстрый;точно
shadowy,[ˈʃæd.əʊ.i],темный
smash,[smæʃ],разбивать;столкновение
stray,[streɪ],паразитный;блуждаюший
successful,[səkˈsesfl],успешный
thomas,[ˌdaʊ.tɪŋˈtɒm.əs],томас
trifle,[ˈtraɪ.fl̩],шутить;мелочь;пустяк;безделушка
underneath,[ˌʌndəˈniːθ],под
weave,[wiːv],ткать
amazement,[əˈmeɪz.mənt],удивление
exceeding,[ɪkˈsiːd],превышать;чрезвычайный
gaunt,[ɡɔːnt],изможденный
interview,[ˈɪntəvjuː],опрашивать;интервью
mouse,[maʊs],мышь
pad,[pæd],заполнять;панель;блокнот
plastic,[ˈplæstɪk],пластмасса;пластический
swirl,[swɜːl],кружить;вихрь
beach,[biːtʃ],берег
comment,[ˈkɒment],комментировать;комментарий
glimmer,[ˈɡlɪm.ər],мерцать;мерцание
gown,[ɡaʊn],платье
shallow,[ˈʃæləʊ],поверхностный;мелкий
thud,[θʌd],падать;глухой;звук
defeat,[dɪˈfiːt],побеждать;поражение
majesty,[ˈmædʒ.ə.sti],величество
prayer,[preə(r)],молитва
shaft,[ʃɑːft],вал;шпиндель;шахта
southward,[ˈsaʊθ.wəd],к югу;южный
spoon,[spuːn],ложка
throne,[θrəʊn],трон;тронный
wax,[wæks],натирать;воск;восковый
bellow,[ˈbel.əʊ],мычать;мычание
contrary,[ˈkɒn.trə.ri],обратный вопреки
embarrass,[ɪmˈbærəs],смущать
establish,[ɪˈstæblɪʃ],устанавливать
jail,[dʒeɪl],заключать в тюрьму;тюрьма;тюремный
mercy,[ˈmɜː.si],милосердие
remembrance,[rɪˈmem.brəns],память
respond,[rɪˈspɒnd],отвечать;реагировать;ответ
season,[ˈsiːzn],сезон
snort,[snɔːt],фыркать
westward,[ˈwest.wəd],к западу;западный
annoy,[əˈnɔɪ],раздражать
brisk,[brɪsk],живой
cigar,[sɪˈɡɑːr],сигара;сигарный
cunning,[ˈkʌn.ɪŋ],хитрость;хитрый
hopeless,[ˈhəʊp.ləs],безнадежный
pencil,[ˈpensl],карандаш;карандашный
plot,[plɒt],вычерчивать;график
route,[ruːt],направлять;маршрут
solitary,[ˈsɒl.ɪ.tər.i],одиночный
standard,[ˈstændəd],стандарт;стандартный
superior,[suːˈpɪəriə(r)],высший
web,[web],сеть;паутина;перепонка;техн)ребро;перемычка
avenue,[ˈæv.ə.njuː],авеню
beckon,[ˈbek.ən],манить
bullet,[ˈbʊlɪt],пуля
chuckle,[ˈtʃʌk.l̩],посмеиваться;смешок
cock,[kɒk],наклонять;петух
dispose,[dɪˈspəʊz],располагать
employ,[ɪmˈplɔɪ],применять;нанимать
fever,[ˈfiːvə(r)],лихорадка
graceful,[ˈɡreɪs.fəl],изящный;постепенный
hail,[heɪl],окликать;град
likewise,[ˈlaɪk.waɪz],подобно
sore,[sɔː(r)],рана;болезненный
waiter,[ˈweɪtə(r)],официант
wrinkle,[ˈrɪŋ.kl̩],морщить;морщина
council,[ˈkaʊnsl],совет
fasten,[ˈfɑːsn],прикреплять
fumble,[ˈfʌm.bl̩],нащупывать;ронять;терять
generous,[ˈdʒenərəs],великодушный;обильный
maid,[meɪd],девушка;горничная;служанка
myth,[mɪθ],миф
nephew,[ˈnefjuː],племянник
steer,[stɪə(r)],управлять
terrace,[ˈter.əs],терраса
attitude,[ˈætɪtjuːd],отношение
fireplace,[ˈfaɪə.pleɪs],камин
flare,[fleər],вспышка
german,[ˈdʒɜː.mən],немец;немецкий;по-немецки;немецко
pinch,[pɪntʃ],щипать;повышение
slop,[slɒp],мусор
trickle,[ˈtrɪk.l̩],сочиться;струйка
waist,[weɪst],талия
affectionate,[əˈfek.ʃən.ət],нежный
autumn,[ˈɔːtəm],осень;осенний
clumsy,[ˈklʌm.zi],неуклюжий
conclude,[kənˈkluːd],решать;конт)заключать
cow,[kaʊ],корова;коровий
laboratory,[ləˈbɒrətri],лаборатория;лабораторный
monsieur,[-],мосье
peaceful,[ˈpiːsfl],мирный
swoop,[swuːp],налетать;налет
victory,[ˈvɪktəri],победа
apply,[əˈplaɪ],относиться
attic,[ˈæt.ɪk],чердак
chew,[tʃuː],жевать;обдумывать
cop,[kɒp],ловить;полицейский
decay,[dɪˈkeɪ],разрушаться;разрушение
element,[ˈelɪmənt],элемент;элементный
errand,[ˈer.ənd],задание
explosion,[ɪkˈspləʊʒn],взрыв
foe,[fəʊ],противник
lash,[læʃ],ресница
medical,[ˈmedɪkl],медицинский
mess,[mes],возиться;беспорядок;путаница
monday,[ˈmʌndeɪ],понедельник;в понедельник
northward,[ˈnɔːθ.wəd],к северу;северный
rack,[ræk],мучить;стойка
stab,[stæb],ранить
tempt,[tempt],искушать
timid,[ˈtɪm.ɪd],робкий
wreck,[rek],терпеть крушение;повреждение
bewilder,[bɪˈwɪl.dər],ставить в тупик
career,[kəˈrɪə(r)],карьера
classroom,[ˈklɑːsruːm],классная;комната
droop,[druːp],свисать
ghastly,[ˈɡɑːst.li],жуткий
method,[ˈmeθəd],метод
principal,[ˈprɪn.sɪ.pəl],принципал;директор школы;главный
rifle,[ˈraɪ.fl̩],винтовка
soak,[səʊk],пропитывать;пропитка
vivid,[ˈvɪv.ɪd],живой;яркий
acknowledge,[əkˈnɒlɪdʒ],признавать;дрез)подтверждать
america,[əˈmer.ɪ.kə],америка
bald,[bɔːld],лысый
batter,[ˈbæt.ər],мять;тесто
code,[kəʊd],кодировать;код;кодекс;кодовый
gear,[ɡɪə(r)],устройство;мех)шестерня;передача
lawyer,[ˈlɔːjə(r)],юрист
misery,[ˈmɪz.ər.i],несчастье;нищета
pat,[pæt],похлопывать;хлопок;пэт;готовый
physician,[fɪˈzɪʃ.ən],врач
shrill,[ʃrɪl],вопить;визг;резкий
sparkle,[ˈspɑː.kl̩],сверкать;искрить;искра
statement,[ˈsteɪtmənt],утверждение;прог)оператор;конт)формулировка;заявление
thief,[θiːf],вор
tune,[tjuːn],настраивать;мелодия
awaken,[əˈweɪ.kən],будить
breathless,[ˈbreθ.ləs],запыхавшийся
craft,[krɑːft],средство;ремесло;судно
estate,[ɪˈsteɪt],имущество
farmer,[ˈfɑːmə(r)],фермер
halfway,[ˌhɑːfˈweɪ],на полпути;половинчатый
helpless,[ˈhelp.ləs],беспомощный
indifferent,[ɪnˈdɪf.ər.ənt],безразличный
peeve,[piːv],раздражать
phrase,[freɪz],фраза
pilot,[ˈpaɪlət],управлять;пилот;опытный
pont,[-],понтонный;мост
quill,[kwɪl],игла
rent,[rent],арендовать;аренда
sole,[səʊl],подошва;единственный
squat,[skwɒt],садиться на корточки
steeple,[ˈstiː.pl̩],шпиль
straw,[strɔː],солома
swarm,[swɔːm],роиться;рой
wan,[wɒn],бледный
wrought,[rɔːt],работать;отделанный
departure,[dɪˈpɑːtʃə(r)],отправление;отъезд
disease,[dɪˈziːz],болезнь
eater,[ˈiː.tər],едок
entity,[ˈen.tɪ.ti],сущность;инф)объект
expedition,[ˌek.spəˈdɪʃ.ən],экспедиция
genuine,[ˈdʒenjuɪn],истинный
guilty,[ˈɡɪlti],виновный
hurl,[hɜːl],метать
instinct,[ˈɪn.stɪŋkt],инстинкт
lion,[ˈlaɪ.ən],лев
maintain,[meɪnˈteɪn],поддерживать
moral,[ˈmɒrəl],мораль;моральный
nigh,[naɪ],близко
overcome,[ˌəʊvəˈkʌm],преодолевать
salt,[sɔːlt],солить;соль;соленый
shower,[ˈʃaʊə(r)],душ;ливень
thump,[θʌmp],колотить;удар
vital,[ˈvaɪtl],живой
wealth,[welθ],богатство;масса
agony,[ˈæɡ.ə.ni],агония
appoint,[əˈpɔɪnt],назначать
balloon,[bəˈluːn],раздувать;баллон
blossom,[ˈblɒs.əm],расцветать;цвет;цветение
capital,[ˈkæpɪtl],капитал;столица;основной
coal,[kəʊl],каменный;уголь;каменноугольный
coil,[kɔɪl],катушка
cur,[kɜːr],ублюдок
dismiss,[dɪsˈmɪs],распускать
fountain,[ˈfaʊn.tɪn],фонтан
glisten,[ˈɡlɪs.ən],блестеть
handful,[ˈhænd.fʊl],горсть
idiot,[ˈɪd.i.ət],идиот
impressive,[ɪmˈpresɪv],впечатляющий
insect,[ˈɪnsekt],насекомое
lighter,[ˈlaɪ.tər],зажигалка;более светлый
permission,[pəˈmɪʃn],разрешение
restless,[ˈrest.ləs],беспокойный
salute,[səˈluːt],салют
strict,[strɪkt],строгий
wither,[ˈwɪð.ər],вянуть
chicken,[ˈtʃɪkɪn],цыпленок;куриный
clang,[klæŋ],лязгать;лязг
defense,[dɪˈfens],защита;защитный
entertain,[ˌentəˈteɪn],развлекать
experiment,[ɪkˈsperɪmənt],экспериментировать;эксперимент
mechanical,[məˈkæn.ɪ.kəl],механический;автоматический
odour,[ˈəʊ.dər],запах
passionate,[ˈpæʃ.ən.ət],страстный
program,[ˈprəʊɡræm],программировать;программа;программный
sacred,[ˈseɪ.krɪd],священный;инф)зарезервированный
sex,[seks],секс;пол;половой
sheep,[ʃiːp],овца
starve,[stɑːv],голодать;истощаться
substance,[ˈsʌbstəns],субстанция;вещество;по существу
tool,[tuːl],оснащать;средство
accomplish,[əˈkʌm.plɪʃ],выполнять
chant,[tʃɑːnt],петь;пение
complex,[ˈkɒmpleks],комплекс;сложный
consent,[kənˈsent],соглашаться;согласие
crackle,[ˈkræk.l̩],трещать;треск
crew,[kruː],команда
fifth,[fɪfθ],пятый
frantic,[ˈfræn.tɪk],отчаянный;лихорадочный
hire,[ˈhaɪə(r)],нанимать;прокат
launch,[lɔːntʃ],запускать;запуск
lofty,[ˈlɒf.ti],высокий
potato,[pəˈteɪtəʊ],картофель;картофельный
resolution,[ˌrez.əˈluː.ʃən],решение;вид;резолюция;разрешающая;способность
russian,[ˈrʌʃ.ən],русский;русско
soil,[sɔɪl],пачкать;почва
squint,[skwɪnt],жмуриться;косоглазие
supply,[səˈplaɪ],поставлять;обеспечивать;поставка
terrorist,[ˈter.ə.rɪst],террорист;террористический
wade,[weɪd],переходить вброд
waistcoat,[ˈweɪs.kəʊt],жилет
willow,[ˈwɪl.əʊ],ива;ивовый
amiable,[ˈeɪ.mi.ə.bl̩],дружелюбный
dismal,[ˈdɪz.məl],мрачный
harmony,[ˈhɑː.mə.ni],гармония
healthy,[ˈhelθi],здоровый
icy,[ˈaɪ.si],ледяной
mingle,[ˈmɪŋ.ɡl̩],смешиваться
musical,[ˈmjuːzɪkl],комедия;музыкальный
thy,[ðaɪ],твой
vary,[ˈveəri],менять;изменяться
worship,[ˈwɜːʃɪp],поклоняться;поклонение
absorb,[əbˈsɔːb],поглощать;амортизировать
accurse,[-],проклинать
apprehension,[ˌæp.rɪˈhen.ʃən],понимание
bonnet,[ˈbɒn.ɪt],капот
clench,[klentʃ],принимать твердое решение
detect,[dɪˈtekt],обнаруживать
fro,[frəʊ],to and fro туда-сюда
goose,[ɡuːs],гусь;гусиный
imp,[ɪmp],бесёнок
mend,[mend],ремонтировать;ремонт
mission,[ˈmɪʃ.ən],миссия;задача
national,[ˈnæʃnəl],национальный
principle,[ˈprɪnsəpl],принцип
rusty,[ˈrʌs.ti],ржавый
shimmer,[ˈʃɪm.ər],мерцать;мерцание
slant,[slɑːnt],наклонять;наклон
snore,[snɔːr],храпеть
sugar,[ˈʃʊɡə(r)],сахар;сахарный
union,[ˈjuːniən],союз
velvet,[ˈvel.vɪt],бархат
apartment,[əˈpɑːtmənt],квартира
cauldron,[ˈkɔːl.drən],котел
ceremony,[ˈserəməni],церемония
channel,[ˈtʃænl],канал;канальный
coast,[kəʊst],берег;береговой
cure,[kjʊə(r)],лечить;инф)восстанавливать;лечение
distract,[dɪˈstrækt],отвлекать
ford,[fɔːd],переходить вброд;брод;форд
kneel,[niːl],становиться на колени
motor,[ˈməʊtə(r)],двигатель
perish,[ˈper.ɪʃ],гибнуть
profession,[prəˈfeʃn],профессия
quarrel,[ˈkwɒr.əl],ссориться;ссора
reduce,[rɪˈdjuːs],уменьшать;сводить
temporary,[ˈtemprəri],временный
tournament,[ˈtʊə.nə.mənt],турнир
universal,[ˌjuː.nɪˈvɜː.səl],универсальный
virtue,[ˈvɜː.tjuː],достоинство
warrior,[ˈwɒr.i.ər],воин
watson,[-],ватсон
absurd,[əbˈsɜːd],абсурд;нелепый
accurate,[ˈækjərət],точный
deceive,[dɪˈsiːv],обманывать
defend,[dɪˈfend],защищать
galaxy,[ˈɡæl.ək.si],астр)галактика
model,[ˈmɒdl],моделировать;модель
organ,[ˈɔːɡən],орган;блок
rib,[rɪb],ребро
sawyer,[-],пильщик
scientific,[ˌsaɪənˈtɪfɪk],научный
stable,[ˈsteɪbl],конюшня;стабильный
stool,[stuːl],табуретка
complicate,[ˈkɒmplɪkeɪt],усложнять
dignity,[ˈdɪɡ.nɪ.ti],достоинство
dip,[dɪp],окупать;погружение
goblet,[ˈɡɒb.lət],бокал
incident,[ˈɪnsɪdənt],инцидент;смежный
landscape,[ˈlændskeɪp],пейзаж;горизональный
marvellous,[ˈmɑː.vəl.əs],чудный
motive,[ˈməʊ.tɪv],мотив
myrtle,[ˈmɜː.tl̩],мирт;миртовый
offend,[əˈfend],обижать;обиженный
patience,[ˈpeɪʃns],терпение
pose,[pəʊz],предлагать;поза
rude,[ruːd],грубый
serpent,[ˈsɜː.pənt],змея
shatter,[ˈʃæt.ər],разрушать
spray,[spreɪ],аэрозоль
wary,[ˈweə.ri],осмотрительный
activity,[ækˈtɪvəti],деятельность;активность
anyhow,[ˈen.i.haʊ],как-нибудь
august,[ˈɔːɡəst],август;августовский
bearer,[ˈbeə.rər],податель;предъявительский
british,[ˈbrɪt.ɪʃ],британский
bronze,[brɒnz],бронза;бронзовый
corp,[-],корпорация
depress,[dɪˈpres],понижать;подавлять
equipment,[ɪˈkwɪpmənt],оборудование
investigation,[ɪnˌvestɪˈɡeɪʃn],исследование
jug,[dʒʌɡ],кувшин
objection,[əbˈdʒek.ʃən],возражение
pole,[pəʊl],полюс
scheme,[skiːm],схема
southern,[ˈsʌðən],южный
watcher,[ˈwɒtʃ.ər],наблюдатель
whoever,[huːˈevə(r)],кто бы ни;который бы ни
worm,[wɜːm],червь
acquaint,[əˈkweɪnt],знакомить
adult,[ˈædʌlt],взрослый
assistant,[əˈsɪstənt],ассистент;помощник
convey,[kənˈveɪ],перевозить;инф)передавать
decent,[ˈdiː.sənt],скромный
dormitory,[ˈdɔː.mɪ.tər.i],общежитие
draught,[drɑːft],сквозняк
gallop,[ˈɡæl.əp],скакать галопом;галоп
genius,[ˈdʒiː.ni.əs],гений
gratitude,[ˈɡræt.ɪ.tjuːd],благодарность
lump,[lʌmp],валить;кусок;шишка;единовременный
niece,[niːs],племянница
operate,[ˈɒpəreɪt],обслуживать;действовать
poet,[ˈpəʊ.ɪt],поэт
punish,[ˈpʌnɪʃ],наказывать
reader,[ˈriːdə(r)],читатель;инф)считыватель
recollection,[ˌrek.əˈlek.ʃən],воспоминание
replace,[rɪˈpleɪs],заменять;замена
solution,[səˈluːʃn],решение;раствор
soup,[suːp],суп;суповой
stalk,[stɔːk],шагать;выслеживать;стебель
throb,[θrɒb],пульсировать;биение
tidings,[ˈtaɪ.dɪŋz],весть
atmosphere,[ˈætməsfɪə(r)],атмосфера
attendant,[əˈten.dənt],сопровождающий
bile,[baɪl],желчь
dizzy,[ˈdɪz.i],головокружительный
grumble,[ˈɡrʌm.bl̩],ворчать
lazy,[ˈleɪzi],ленивый
license,[ˈlaɪsns],лицензировать;лицензия;лицензионный
museum,[mjuˈziːəm],музей
nick,[nɪk],царапать;щербина
prey,[preɪ],жертва;добыча
shutter,[ˈʃʌt.ər],затворять;ставень
sixty,[ˈsɪksti],шестьдесят;шестидесятый;шестидесяти
speaker,[ˈspiːkə(r)],докладчик;диктор;спикер;динамик
strap,[stræp],связывать;полоса
stre,[-],stre enough на самом деле
talent,[ˈtæl.ənt],талант
thee,[ðiː],(устаревшее) ты
thieve,[-],воровать
toy,[tɔɪ],играть;игрушка
tube,[tjuːb],трубка;тюбик;лампа
variety,[vəˈraɪəti],разновидность;ряд
bargain,[ˈbɑːɡən],торговаться;сделка
brandy,[ˈbræn.di],брэнди
bus,[bʌs],везти в автобусе;автобус;инф)шина
careless,[ˈkeələs],небрежный
chatter,[ˈtʃæt.ər],стучать;болтать;болтовня
countenance,[ˈkaʊn.tə.nəns],выражение лица
dale,[deɪl],долина
deed,[diːd],дело
discussion,[dɪˈskʌʃn],дискуссия;обсуждение
expensive,[ɪkˈspensɪv],дорогой
inspire,[ɪnˈspaɪər],вдохновлять
journal,[ˈdʒɜː.nəl],журнал
performance,[pəˈfɔːməns],исполнение
refresh,[rɪˈfreʃ],освежать;восстановление
scowl,[skaʊl],хмуриться
sherlock,[-],шерлок
sock,[sɒk],носок
soften,[ˈsɒf.ən],смягчать
sprawl,[sprɔːl],растягиваться
steward,[ˈstjuː.əd],стюард;официант
structure,[ˈstrʌktʃə(r)],структура;структурный
tradition,[trəˈdɪʃn],традиция
whence,[wens],откуда
achieve,[əˈtʃiːv],достигать
active,[ˈæktɪv],активный
behave,[bɪˈheɪv],вести себя
caution,[ˈkɔː.ʃən],предупреждение;осторожность
churchyard,[ˈtʃɜːtʃ.jɑːd],церковный;двор
confirm,[kənˈfɜːm],подтверждать
david,[ˌstɑː.rəvˈdeɪ.vɪd],дэвид
debate,[dɪˈbeɪt],обсуждать;дискуссия
doze,[dəʊz],дремать
duchess,[ˈdʌtʃ.es],княгиня
frog,[frɒɡ],лягушка
fry,[fraɪ],жарить;сгорать
huddle,[ˈhʌd.l̩],жаться
injury,[ˈɪndʒəri],повреждение
insult,[ɪnˈsʌlt],оскорблять;оскорбление
italian,[ɪˈtæl.jən],итальянец;итальянский
pirate,[ˈpaɪ.rət],воровать;пират;пиратский
preparation,[ˌprepəˈreɪʃn],подготовка;препарат
shave,[ʃeɪv],брить;мех)обрезать;бритье;мех)шевингование(обрезка)
slab,[slæb],кусок
stack,[stæk],складывать;кипа;инф)стек
suppress,[səˈpres],подавлять;запрещать
sympathy,[ˈsɪmpəθi],сочувствие
torment,[ˈtɔː.ment],мучить;мучение
wrench,[rentʃ],ключ
dean,[diːn],декан
den,[den],логово;комната
disappointment,[ˌdɪsəˈpɔɪntmənt],разочарование
earn,[ɜːn],зарабатывать
firebolt,[-],молнию
hurried,[ˈhʌr.id],поспешный
october,[ɒkˈtəʊbə(r)],октябрь;октябрьский
passe,[pɑːˈseɪ],устаревший
personality,[ˌpɜːsəˈnæləti],личность
sullen,[ˈsʌl.ən],угрюмый
thirteen,[ˌθɜːˈtiːn],тринадцать;тринадцати
threat,[θret],угроза
writhe,[raɪð],корчиться
